Station ID,Observer ID,Serial Number,Date,Time,ObsG,Dial,Feedback Correction,Earthtide Correction,Level Correction,Temperature Correction,Beam Error,Height,Elevation,Latitude,Longitude,Elapsed Time,Standard Deviation,Temperature Frequency,Note
AP001,morrison,B-107,2025/01/13,16:01:08,-5.1232,2656,-5.0471,-0.0761,0,0,0.0077,0,1453,34.078947,-106.92083,134,0.0073,94,No notes.
AP001,morrison,B-107,2025/01/13,16:01:20,-5.1903,2656,-5.1143,-0.076,0,0,-0.0068,0,1453,34.078947,-106.92083,146,0.0065,95,No notes.
AP001,morrison,B-107,2025/01/13,16:01:27,-5.177,2656,-5.101,-0.076,0,0,0.004,0,1453,34.078947,-106.92083,153,0.0027,94,No notes.
AP001,morrison,B-107,2025/01/13,16:01:35,-5.1686,2656,-5.0926,-0.0759,0,0,0.004,0,1453,34.078947,-106.92083,161,0.0062,94,No notes.
AP001,morrison,B-107,2025/01/13,16:01:41,-5.1689,2656,-5.093,-0.0759,0,0,0.0015,0,1453,34.078947,-106.92083,167,0.0069,94,No notes.
AP001,morrison,B-107,2025/01/13,16:01:55,-5.1745,2656,-5.0987,-0.0758,0,0,-0.0004,0,1453,34.078947,-106.92083,181,0.0065,94,No notes.
AP001,morrison,B-107,2025/01/13,16:02:02,-5.1734,2656,-5.0976,-0.0758,0,0,-0.0007,0,1453,34.078947,-106.92083,188,0.0033,94,No notes.
AP001,morrison,B-107,2025/01/13,16:02:08,-5.1761,2656,-5.1004,-0.0757,0,0,-0.0022,0,1453,34.078947,-106.92083,194,0.005,94,No notes.
AP001,morrison,B-107,2025/01/13,16:02:15,-5.1745,2656,-5.0988,-0.0757,0,0,-0.0008,0,1453,34.078947,-106.92083,201,0.0026,94,No notes.
AP001,morrison,B-107,2025/01/13,16:03:02,-5.1668,2656,-5.0914,-0.0754,0,0,0.0023,0,1453,34.078947,-106.92083,248,0.0047,93,No notes.
AP001,morrison,B-107,2025/01/13,16:03:21,-5.1704,2656,-5.0951,-0.0753,0,0,0.0011,0,1453,34.078947,-106.92083,267,0.0049,94,No notes.
AP001,morrison,B-107,2025/01/13,16:03:27,-5.1705,2656,-5.0953,-0.0752,0,0,-0.0007,0,1453,34.078947,-106.92083,273,0.0015,94,No notes.
AP001,morrison,B-107,2025/01/13,16:03:34,-5.1758,2656,-5.1006,-0.0751,0,0,-0.0031,0,1453,34.078947,-106.92083,280,0.0051,91,No notes.
AP001,morrison,B-107,2025/01/13,17:19:52,2600.3019,2650,0.5522,-0.0433,0,0,0.0093,0,1453,34.078947,-106.92083,63,0.0057,95,No notes.
AP001,morrison,B-107,2025/01/13,17:20:02,2600.2954,2650,0.5456,-0.0433,0,0,-0.0024,0,1453,34.078947,-106.92083,72,0.0028,95,No notes.
AP001,morrison,B-107,2025/01/13,17:20:10,2600.2914,2650,0.5416,-0.0432,0,0,-0.001,0,1453,34.078947,-106.92083,80,0.0041,95,No notes.
AP001,morrison,B-107,2025/01/13,17:20:22,2600.2923,2650,0.5425,-0.0432,0,0,0.0003,0,1453,34.078947,-106.92083,93,0.0023,96,No notes.
AP001,morrison,B-107,2025/01/13,17:22:20,2600.278,2650,0.5274,-0.0424,0,0,-0.0027,0,1453,34.078947,-106.92083,61,0.0052,95,No notes.
AP001,morrison,B-107,2025/01/13,17:22:28,2600.3008,2650,0.5501,-0.0423,0,0,0.0024,0,1453,34.078947,-106.92083,70,0.0037,95,No notes.
AP001,morrison,B-107,2025/01/13,17:22:40,2600.2946,2650,0.5439,-0.0423,0,0,-0.0017,0,1453,34.078947,-106.92083,82,0.0046,95,No notes.
AP001,morrison,B-107,2025/01/13,17:22:50,2600.2979,2650,0.5471,-0.0422,0,0,0.0017,0,1453,34.078947,-106.92083,92,0.0051,95,No notes.
AP001,morrison,B-107,2025/01/13,17:22:56,2600.293,2650,0.5421,-0.0421,0,0,-0.002,0,1453,34.078947,-106.92083,98,0.0048,95,No notes.
AP001,morrison,B-107,2025/01/13,17:23:06,2600.2955,2650,0.5446,-0.0421,0,0,-0.0002,0,1453,34.078947,-106.92083,107,0.0046,94,No notes.
AP001,morrison,B-107,2025/01/13,17:23:20,2600.2949,2650,0.5439,-0.042,0,0,-0.0003,0,1453,34.078947,-106.92083,121,0.0016,95,No notes.
AP001,morrison,B-107,2025/01/13,17:23:30,2600.2946,2650,0.5435,-0.0419,0,0,-0.0013,0,1453,34.078947,-106.92083,131,0.0038,93,No notes.
AP001,morrison,B-107,2025/01/13,17:23:37,2600.2952,2650,0.5441,-0.0419,0,0,-0.0005,0,1453,34.078947,-106.92083,138,0.002,95,No notes.
AP001,morrison,B-107,2025/01/13,17:23:42,2600.2951,2650,0.5439,-0.0418,0,0,-0.0004,0,1453,34.078947,-106.92083,144,0.0032,95,No notes.
AP001,morrison,B-107,2025/01/13,17:23:50,2600.2976,2650,0.5464,-0.0418,0,0,0.0009,0,1453,34.078947,-106.92083,151,0.0011,95,No notes.
AP001,morrison,B-107,2025/01/13,17:23:56,2600.2953,2650,0.5441,-0.0417,0,0,-0.0011,0,1453,34.078947,-106.92083,157,0.0036,95,No notes.
AP001,morrison,B-107,2025/01/13,18:25:20,-9.1227,2660,-9.0997,-0.023,0,0,0.0051,0,1453,34.078947,-106.92083,217,0.0041,95,No notes.
AP001,morrison,B-107,2025/01/13,18:25:30,-9.1236,2660,-9.1007,-0.0229,0,0,-0.0004,0,1453,34.078947,-106.92083,227,0.004,95,No notes.
AP001,morrison,B-107,2025/01/13,18:25:37,-9.1238,2660,-9.1009,-0.0229,0,0,-0.0009,0,1453,34.078947,-106.92083,234,0.0012,95,No notes.
AP001,morrison,B-107,2025/01/13,18:26:09,-9.121,2660,-9.0982,-0.0228,0,0,0.0008,0,1453,34.078947,-106.92083,266,0.0037,95,No notes.
AP001,morrison,B-107,2025/01/13,18:26:17,-9.1194,2660,-9.0966,-0.0227,0,0,0.0018,0,1453,34.078947,-106.92083,274,0.0038,95,No notes.
AP001,morrison,B-107,2025/01/13,18:26:25,-9.1188,2660,-9.0961,-0.0227,0,0,0.0017,0,1453,34.078947,-106.92083,282,0.0037,95,No notes.
AP001,morrison,B-107,2025/01/13,18:26:36,-9.1184,2660,-9.0958,-0.0227,0,0,0.0018,0,1453,34.078947,-106.92083,293,0.0052,95,No notes.
AP001,morrison,B-107,2025/01/13,18:26:44,-9.1221,2660,-9.0995,-0.0227,0,0,-0.0001,0,1453,34.078947,-106.92083,301,0.002,95,No notes.
AP001,morrison,B-107,2025/01/13,18:26:51,-9.121,2660,-9.0984,-0.0226,0,0,0.0002,0,1453,34.078947,-106.92083,308,0.0019,95,No notes.
AP001,morrison,B-107,2025/01/13,18:26:59,-9.1203,2660,-9.0977,-0.0226,0,0,0.0003,0,1453,34.078947,-106.92083,316,0.0019,95,No notes.
AP001,morrison,B-107,2025/01/13,18:27:10,-9.1229,2660,-9.1004,-0.0226,0,0,-0.0012,0,1453,34.078947,-106.92083,327,0.0041,95,No notes.
ESC-W05,morrison,B-107,2025/01/13,18:52:13,11.0324,2660,11.0513,-0.0189,0,0,-0.0017,0,1408.45,34.120365,-106.886292,73,0.0028,95,No notes.
ESC-W05,morrison,B-107,2025/01/13,18:52:19,11.0564,2660,11.0753,-0.0189,0,0,0.0049,0,1408.45,34.120365,-106.886292,79,0.006,95,No notes.
ESC-W05,morrison,B-107,2025/01/13,18:52:26,11.0435,2660,11.0623,-0.0189,0,0,-0.0025,0,1408.45,34.120365,-106.886292,86,0.0053,95,No notes.
ESC-W05,morrison,B-107,2025/01/13,18:52:31,11.039,2660,11.0579,-0.0188,0,0,-0.0008,0,1408.45,34.120365,-106.886292,91,0.0067,95,No notes.
ESC-W05,morrison,B-107,2025/01/13,18:52:39,11.0421,2660,11.0609,-0.0188,0,0,0.0007,0,1408.45,34.120365,-106.886292,99,0.0031,95,No notes.
ESC-W05,morrison,B-107,2025/01/13,18:52:45,11.0437,2660,11.0625,-0.0188,0,0,0.001,0,1408.45,34.120365,-106.886292,105,0.0028,95,No notes.
ESC-W05,morrison,B-107,2025/01/13,18:52:52,11.0421,2660,11.0609,-0.0188,0,0,-0.0014,0,1408.45,34.120365,-106.886292,112,0.0037,95,No notes.
ESC-W05,morrison,B-107,2025/01/13,18:52:58,11.0384,2660,11.0572,-0.0188,0,0,-0.0034,0,1408.45,34.120365,-106.886292,118,0.0086,95,No notes.
ESC-W05,morrison,B-107,2025/01/13,18:53:07,11.0428,2660,11.0616,-0.0188,0,0,0.0004,0,1408.45,34.120365,-106.886292,127,0.0064,95,No notes.
ESC-W05,morrison,B-107,2025/01/13,18:53:14,11.0379,2660,11.0566,-0.0188,0,0,-0.0025,0,1408.45,34.120365,-106.886292,134,0.0048,95,No notes.
ESC-W05,morrison,B-107,2025/01/13,18:53:23,11.0444,2660,11.0632,-0.0188,0,0,0.0015,0,1408.45,34.120365,-106.886292,143,0.0033,95,No notes.
ESC-W05,morrison,B-107,2025/01/13,18:53:35,11.0409,2660,11.0597,-0.0188,0,0,-0.0017,0,1408.45,34.120365,-106.886292,155,0.0046,95,No notes.
ESC-W05,morrison,B-107,2025/01/13,18:53:40,11.0445,2660,11.0632,-0.0187,0,0,0.0013,0,1408.45,34.120365,-106.886292,160,0.0047,95,No notes.
ESC-W05,morrison,B-107,2025/01/13,18:53:46,11.0447,2660,11.0634,-0.0187,0,0,0.0012,0,1408.45,34.120365,-106.886292,166,0.0017,95,No notes.
ESC-W05,morrison,B-107,2025/01/13,18:54:46,11.0424,2660,11.0611,-0.0187,0,0,0.0008,0,1408.45,34.120365,-106.886292,226,0.0039,95,No notes.
ESC-W05,morrison,B-107,2025/01/13,18:56:52,11.0338,2660,11.0522,-0.0184,0,0,-0.0088,0,1408.45,34.120365,-106.886292,51,0.0061,95,No notes.
ESC-W05,morrison,B-107,2025/01/13,18:57:27,11.0448,2660,11.0632,-0.0184,0,0,-0.001,0,1408.45,34.120365,-106.886292,86,0.0023,96,No notes.
ESC-W05,morrison,B-107,2025/01/13,18:58:10,11.0493,2660,11.0676,-0.0183,0,0,0.0031,0,1408.45,34.120365,-106.886292,129,0.0051,95,No notes.
ESC-W05,morrison,B-107,2025/01/13,18:58:22,11.0433,2660,11.0616,-0.0183,0,0,-0.0017,0,1408.45,34.120365,-106.886292,141,0.0034,95,No notes.
ESC-W05,morrison,B-107,2025/01/13,18:58:28,11.0431,2660,11.0614,-0.0183,0,0,-0.0001,0,1408.45,34.120365,-106.886292,147,0.0031,95,No notes.
ESC-W05,morrison,B-107,2025/01/13,18:58:34,11.0454,2660,11.0637,-0.0183,0,0,0.0004,0,1408.45,34.120365,-106.886292,153,0.0035,95,No notes.
ESC-W05,morrison,B-107,2025/01/13,18:58:40,11.0451,2660,11.0634,-0.0183,0,0,-0.0004,0,1408.45,34.120365,-106.886292,159,0.0029,95,No notes.
ESC-W05,morrison,B-107,2025/01/13,18:58:52,11.0461,2660,11.0644,-0.0183,0,0,0.0003,0,1408.45,34.120365,-106.886292,171,0.0054,95,No notes.
ESC-W05,morrison,B-107,2025/01/13,18:59:09,11.046,2660,11.0643,-0.0183,0,0,-0.0003,0,1408.45,34.120365,-106.886292,188,0.0077,95,No notes.
ESC-W05,morrison,B-107,2025/01/13,18:59:19,11.0426,2660,11.0609,-0.0183,0,0,-0.0016,0,1408.45,34.120365,-106.886292,198,0.0068,96,No notes.
ESC-W05,morrison,B-107,2025/01/13,18:59:30,11.0441,2660,11.0623,-0.0182,0,0,-0.0009,0,1408.45,34.120365,-106.886292,209,0.0031,96,No notes.
ESC-W05,morrison,B-107,2025/01/13,18:59:40,11.0475,2660,11.0657,-0.0182,0,0,0.0013,0,1408.45,34.120365,-106.886292,219,0.0079,95,No notes.
ESC-W05,morrison,B-107,2025/01/13,18:59:48,11.0439,2660,11.0621,-0.0182,0,0,-0.001,0,1408.45,34.120365,-106.886292,227,0.004,95,No notes.
ESC-W05,morrison,B-107,2025/01/13,18:59:56,11.0432,2660,11.0614,-0.0182,0,0,-0.0009,0,1408.45,34.120365,-106.886292,235,0.0032,95,No notes.
ESC02,morrison,B-107,2025/01/13,19:12:12,10.7891,2660,10.8068,-0.0176,0,0,-0.0037,0,1407.72,34.120338,-106.888339,62,0.0056,94,No notes.
ESC02,morrison,B-107,2025/01/13,19:12:20,10.8031,2660,10.8208,-0.0176,0,0,0.0029,0,1407.72,34.120338,-106.888339,70,0.0018,94,No notes.
ESC02,morrison,B-107,2025/01/13,19:12:32,10.801,2660,10.8186,-0.0176,0,0,-0.0006,0,1407.72,34.120338,-106.888339,82,0.0061,94,No notes.
ESC02,morrison,B-107,2025/01/13,19:12:38,10.8007,2660,10.8183,-0.0176,0,0,-0.0007,0,1407.72,34.120338,-106.888339,88,0.0043,94,No notes.
ESC02,morrison,B-107,2025/01/13,19:12:45,10.8012,2660,10.8188,-0.0176,0,0,-0.0002,0,1407.72,34.120338,-106.888339,95,0.0015,94,No notes.
ESC02,morrison,B-107,2025/01/13,19:13:23,10.8021,2660,10.8197,-0.0176,0,0,-0.0003,0,1407.72,34.120338,-106.888339,133,0.0069,94,No notes.
ESC02,morrison,B-107,2025/01/13,19:13:29,10.8,2660,10.8176,-0.0176,0,0,-0.0016,0,1407.72,34.120338,-106.888339,139,0.0014,94,No notes.
ESC02,morrison,B-107,2025/01/13,19:13:35,10.8021,2660,10.8197,-0.0176,0,0,0.0002,0,1407.72,34.120338,-106.888339,145,0.0041,94,No notes.
ESC02,morrison,B-107,2025/01/13,19:13:41,10.8033,2660,10.8209,-0.0176,0,0,0.0003,0,1407.72,34.120338,-106.888339,151,0.0081,94,No notes.
ESC02,morrison,B-107,2025/01/13,19:13:47,10.8046,2660,10.8222,-0.0176,0,0,0.0014,0,1407.72,34.120338,-106.888339,157,0.0055,94,No notes.
ESC02,morrison,B-107,2025/01/13,19:13:53,10.8044,2660,10.822,-0.0176,0,0,0.0012,0,1407.72,34.120338,-106.888339,163,0.0023,94,No notes.
ESC02,morrison,B-107,2025/01/13,19:17:44,10.8516,2660,10.8691,-0.0176,0,0,-0.0099,0,1407.72,34.120338,-106.888339,62,0.0029,94,No notes.
ESC02,morrison,B-107,2025/01/13,19:18:11,10.8604,2660,10.878,-0.0176,0,0,0.0015,0,1407.72,34.120338,-106.888339,89,0.0023,94,No notes.
ESC02,morrison,B-107,2025/01/13,19:18:40,10.856,2660,10.8736,-0.0176,0,0,-0.0022,0,1407.72,34.120338,-106.888339,118,0.0031,94,No notes.
ESC02,morrison,B-107,2025/01/13,19:18:52,10.8604,2660,10.878,-0.0176,0,0,0.0015,0,1407.72,34.120338,-106.888339,130,0.0077,94,No notes.
ESC02,morrison,B-107,2025/01/13,19:19:00,10.8578,2660,10.8754,-0.0176,0,0,-0.001,0,1407.72,34.120338,-106.888339,138,0.0022,95,No notes.
ESC02,morrison,B-107,2025/01/13,19:19:09,10.8574,2660,10.875,-0.0176,0,0,-0.0008,0,1407.72,34.120338,-106.888339,147,0.0041,94,No notes.
ESC02,morrison,B-107,2025/01/13,19:19:18,10.8599,2660,10.8775,-0.0176,0,0,0.0005,0,1407.72,34.120338,-106.888339,156,0.0033,94,No notes.
ESC02,morrison,B-107,2025/01/13,19:19:25,10.8588,2660,10.8764,-0.0176,0,0,-0.0004,0,1407.72,34.120338,-106.888339,163,0.0045,94,No notes.
ESC02,morrison,B-107,2025/01/13,19:19:36,10.8592,2660,10.8768,-0.0176,0,0,-0.0016,0,1407.72,34.120338,-106.888339,174,0.0039,94,No notes.
ESC02,morrison,B-107,2025/01/13,19:20:27,10.8611,2660,10.8787,-0.0176,0,0,-0.0003,0,1407.72,34.120338,-106.888339,225,0.0034,94,No notes.
ESC04,morrison,B-107,2025/01/13,19:29:08,10.9953,2660,11.0129,-0.0176,0,0,0.0068,0,1408.76,34.068303,-106.906228,110,0.0092,94,No notes.
ESC04,morrison,B-107,2025/01/13,19:29:14,10.9548,2660,10.9725,-0.0177,0,0,0.0024,0,1408.76,34.068303,-106.906228,116,0.0093,94,No notes.
ESC04,morrison,B-107,2025/01/13,19:29:21,10.9591,2660,10.9767,-0.0177,0,0,0.0011,0,1408.76,34.068303,-106.906228,123,0.0046,93,No notes.
ESC04,morrison,B-107,2025/01/13,19:29:28,10.9575,2660,10.9751,-0.0177,0,0,0,0,1408.76,34.068303,-106.906228,130,0.0056,94,No notes.
ESC04,morrison,B-107,2025/01/13,19:29:33,10.956,2660,10.9737,-0.0177,0,0,0.0005,0,1408.76,34.068303,-106.906228,135,0.0063,94,No notes.
ESC04,morrison,B-107,2025/01/13,19:29:40,10.9576,2660,10.9753,-0.0177,0,0,0.0021,0,1408.76,34.068303,-106.906228,142,0.0049,95,No notes.
ESC04,morrison,B-107,2025/01/13,19:29:46,10.9564,2660,10.9741,-0.0177,0,0,0.0005,0,1408.76,34.068303,-106.906228,148,0.0042,95,No notes.
ESC04,morrison,B-107,2025/01/13,19:29:52,10.9549,2660,10.9726,-0.0177,0,0,0.0002,0,1408.76,34.068303,-106.906228,154,0.0041,94,No notes.
ESC04,morrison,B-107,2025/01/13,19:29:57,10.9551,2660,10.9728,-0.0177,0,0,0.0003,0,1408.76,34.068303,-106.906228,159,0.0036,94,No notes.
ESC04,morrison,B-107,2025/01/13,19:30:04,10.9535,2660,10.9712,-0.0177,0,0,-0.0009,0,1408.76,34.068303,-106.906228,166,0.0026,94,No notes.
ESC04,morrison,B-107,2025/01/13,19:30:40,10.953,2660,10.9707,-0.0177,0,0,-0.001,0,1408.76,34.068303,-106.906228,202,0.0063,95,No notes.
ESC04,morrison,B-107,2025/01/13,19:30:47,10.9558,2660,10.9735,-0.0177,0,0,0.0012,0,1408.76,34.068303,-106.906228,209,0.0045,94,No notes.
ESC-W05,morrison,B-107,2025/01/13,19:36:01,11.0311,2660,11.0494,-0.0183,0,0,-0.0035,0,1408.45,34.120365,-106.886292,88,0.0031,94,No notes.
ESC-W05,morrison,B-107,2025/01/13,19:36:07,11.0408,2660,11.0591,-0.0184,0,0,-0.0005,0,1408.45,34.120365,-106.886292,94,0.0027,94,No notes.
ESC-W05,morrison,B-107,2025/01/13,19:36:12,11.0404,2660,11.0588,-0.0184,0,0,-0.0003,0,1408.45,34.120365,-106.886292,99,0.0028,94,No notes.
ESC-W05,morrison,B-107,2025/01/13,19:36:20,11.0438,2660,11.0621,-0.0184,0,0,0.0005,0,1408.45,34.120365,-106.886292,107,0.0028,94,No notes.
ESC-W05,morrison,B-107,2025/01/13,19:36:30,11.0425,2660,11.0609,-0.0184,0,0,-0.0011,0,1408.45,34.120365,-106.886292,117,0.0031,94,No notes.
ESC-W05,morrison,B-107,2025/01/13,19:36:37,11.045,2660,11.0634,-0.0184,0,0,0.0006,0,1408.45,34.120365,-106.886292,124,0.0013,94,No notes.
ESC-W05,morrison,B-107,2025/01/13,19:40:13,11.0333,2660,11.052,-0.0187,0,0,-0.0054,0,1408.45,34.120365,-106.886292,64,0.0059,94,No notes.
ESC-W05,morrison,B-107,2025/01/13,19:40:47,11.0478,2660,11.0666,-0.0187,0,0,0.0025,0,1408.45,34.120365,-106.886292,98,0.0024,94,No notes.
ESC-W05,morrison,B-107,2025/01/13,19:41:02,11.046,2660,11.0648,-0.0188,0,0,-0.0001,0,1408.45,34.120365,-106.886292,113,0.0049,94,No notes.
ESC-W05,morrison,B-107,2025/01/13,19:41:13,11.0483,2660,11.0671,-0.0188,0,0,0,0,1408.45,34.120365,-106.886292,124,0.0041,94,No notes.
ESC-W05,morrison,B-107,2025/01/13,19:41:30,11.0438,2660,11.0627,-0.0188,0,0,-0.0009,0,1408.45,34.120365,-106.886292,141,0.0065,92,No notes.
ESC-W05,morrison,B-107,2025/01/13,19:41:43,11.0467,2660,11.0655,-0.0188,0,0,0.0007,0,1408.45,34.120365,-106.886292,154,0.0019,94,No notes.
ESC-W05,morrison,B-107,2025/01/13,19:42:49,11.0464,2660,11.0653,-0.0189,0,0,-0.0003,0,1408.45,34.120365,-106.886292,220,0.0023,94,No notes.
ESC-W05,morrison,B-107,2025/01/13,19:43:20,11.0469,2660,11.0659,-0.019,0,0,0.0007,0,1408.45,34.120365,-106.886292,251,0.0043,94,No notes.
ESC-W05,morrison,B-107,2025/01/13,19:43:34,11.0461,2660,11.0651,-0.019,0,0,0.0006,0,1408.45,34.120365,-106.886292,265,0.0037,94,No notes.
ESC-W05,morrison,B-107,2025/01/13,19:44:30,11.0455,2660,11.0646,-0.0191,0,0,0,0,1408.45,34.120365,-106.886292,321,0.002,94,No notes.
ESC02,morrison,B-107,2025/01/13,19:51:25,10.8043,2660,10.8243,-0.02,0,0,0.0023,0,1407.72,34.120338,-106.888339,73,0.0022,93,No notes.
ESC02,morrison,B-107,2025/01/13,19:51:35,10.7984,2660,10.8185,-0.0201,0,0,-0.0012,0,1407.72,34.120338,-106.888339,83,0.0008,93,No notes.
ESC02,morrison,B-107,2025/01/13,19:52:25,10.7981,2660,10.8183,-0.0202,0,0,-0.0009,0,1407.72,34.120338,-106.888339,133,0.0019,93,No notes.
ESC02,morrison,B-107,2025/01/13,19:52:40,10.7981,2660,10.8183,-0.0202,0,0,-0.001,0,1407.72,34.120338,-106.888339,148,0.003,93,No notes.
ESC02,morrison,B-107,2025/01/13,19:53:10,10.8003,2660,10.8206,-0.0203,0,0,0.0003,0,1407.72,34.120338,-106.888339,178,0.0036,93,No notes.
ESC02,morrison,B-107,2025/01/13,19:53:16,10.7992,2660,10.8195,-0.0203,0,0,0.0002,0,1407.72,34.120338,-106.888339,184,0.0023,93,No notes.
ESC02,morrison,B-107,2025/01/13,19:53:24,10.7985,2660,10.8188,-0.0203,0,0,0.0002,0,1407.72,34.120338,-106.888339,192,0.0044,93,No notes.
ESC02,morrison,B-107,2025/01/13,19:53:38,10.7978,2660,10.8181,-0.0203,0,0,-0.0008,0,1407.72,34.120338,-106.888339,206,0.0012,93,No notes.
ESC02,morrison,B-107,2025/01/13,19:53:45,10.7977,2660,10.8181,-0.0204,0,0,-0.0006,0,1407.72,34.120338,-106.888339,213,0.0033,93,No notes.
ESC02,morrison,B-107,2025/01/13,19:53:59,10.7979,2660,10.8183,-0.0204,0,0,-0.0009,0,1407.72,34.120338,-106.888339,227,0.0035,93,No notes.
ESC02,morrison,B-107,2025/01/13,19:54:07,10.8078,2660,10.8282,-0.0204,0,0,0.0072,0,1407.72,34.120338,-106.888339,235,0.0087,93,No notes.
ESC02,morrison,B-107,2025/01/13,19:54:13,10.7911,2660,10.8116,-0.0205,0,0,-0.0033,0,1407.72,34.120338,-106.888339,241,0.0024,92,No notes.
ESC02,morrison,B-107,2025/01/13,19:54:19,10.7948,2660,10.8153,-0.0205,0,0,0.0007,0,1407.72,34.120338,-106.888339,247,0.0031,93,No notes.
ESC02,morrison,B-107,2025/01/13,19:54:26,10.8001,2660,10.8206,-0.0205,0,0,0.002,0,1407.72,34.120338,-106.888339,254,0.0026,93,No notes.
ESC03,morrison,B-107,2025/01/13,19:59:34,10.8511,2660,10.8723,-0.0212,0,0,0.0003,0,1408.14,34.120296,-106.887511,139,0.0014,93,No notes.
ESC03,morrison,B-107,2025/01/13,20:00:26,10.8526,2660,10.8739,-0.0213,0,0,0.0012,0,1408.14,34.120296,-106.887511,191,0.0041,93,No notes.
ESC03,morrison,B-107,2025/01/13,20:01:05,10.851,2660,10.8725,-0.0215,0,0,-0.0005,0,1408.14,34.120296,-106.887511,230,0.0029,93,No notes.
ESC03,morrison,B-107,2025/01/13,20:01:15,10.8537,2660,10.8754,-0.0216,0,0,-0.0014,0,1408.14,34.120296,-106.887511,240,0.0015,93,No notes.
ESC03,morrison,B-107,2025/01/13,20:01:24,10.8488,2660,10.8704,-0.0216,0,0,-0.0012,0,1408.14,34.120296,-106.887511,249,0.0022,93,No notes.
ESC03,morrison,B-107,2025/01/13,20:01:30,10.8507,2660,10.8723,-0.0217,0,0,-0.0002,0,1408.14,34.120296,-106.887511,255,0.0034,93,No notes.
ESC03,morrison,B-107,2025/01/13,20:01:44,10.8519,2660,10.8736,-0.0217,0,0,0.001,0,1408.14,34.120296,-106.887511,269,0.0038,93,No notes.
ESC03,morrison,B-107,2025/01/13,20:01:54,10.8515,2660,10.8732,-0.0217,0,0,-0.001,0,1408.14,34.120296,-106.887511,279,0.0053,93,No notes.
ESC04,morrison,B-107,2025/01/13,20:09:19,10.9526,2660,10.9755,-0.0229,0,0,-0.0098,0,1408.76,34.068303,-106.906228,60,0.0032,93,No notes.
ESC04,morrison,B-107,2025/01/13,20:09:27,10.9566,2660,10.9796,-0.023,0,0,0.0035,0,1408.76,34.068303,-106.906228,68,0.0017,94,No notes.
ESC04,morrison,B-107,2025/01/13,20:09:37,10.9541,2660,10.9771,-0.023,0,0,0.0001,0,1408.76,34.068303,-106.906228,78,0.002,93,No notes.
ESC04,morrison,B-107,2025/01/13,20:10:18,10.9513,2660,10.9744,-0.0231,0,0,-0.0006,0,1408.76,34.068303,-106.906228,119,0.0051,94,No notes.
ESC04,morrison,B-107,2025/01/13,20:10:34,10.9519,2660,10.9751,-0.0232,0,0,0,0,1408.76,34.068303,-106.906228,135,0.0033,94,No notes.
ESC04,morrison,B-107,2025/01/13,20:10:41,10.9526,2660,10.9758,-0.0232,0,0,-0.0001,0,1408.76,34.068303,-106.906228,142,0.0036,94,No notes.
ESC04,morrison,B-107,2025/01/13,20:10:51,10.9533,2660,10.9765,-0.0233,0,0,0.0008,0,1408.76,34.068303,-106.906228,152,0.0026,94,No notes.
ESC04,morrison,B-107,2025/01/13,20:11:02,10.9532,2660,10.9765,-0.0233,0,0,0.0003,0,1408.76,34.068303,-106.906228,163,0.0027,94,No notes.
ESC04,morrison,B-107,2025/01/13,20:11:13,10.9523,2660,10.9757,-0.0233,0,0,-0.0014,0,1408.76,34.068303,-106.906228,174,0.0038,94,No notes.
ESC04,morrison,B-107,2025/01/13,20:11:20,10.9539,2660,10.9773,-0.0234,0,0,0.0002,0,1408.76,34.068303,-106.906228,181,0.0064,94,No notes.
ESC04,morrison,B-107,2025/01/13,20:11:31,10.9531,2660,10.9765,-0.0234,0,0,0.0005,0,1408.76,34.068303,-106.906228,192,0.0025,94,No notes.
ESC-W05,morrison,B-107,2025/01/13,20:20:51,11.0304,2660,11.0561,-0.0257,0,0,-0.0051,0,1408.45,34.120365,-106.886292,81,0.0043,96,No notes.
ESC-W05,morrison,B-107,2025/01/13,20:20:59,11.0418,2660,11.0676,-0.0259,0,0,-0.0006,0,1408.45,34.120365,-106.886292,89,0.0013,95,No notes.
ESC-W05,morrison,B-107,2025/01/13,20:22:08,11.0408,2660,11.0669,-0.0261,0,0,-0.0003,0,1408.45,34.120365,-106.886292,158,0.005,94,No notes.
ESC-W05,morrison,B-107,2025/01/13,20:22:20,11.045,2660,11.0712,-0.0262,0,0,0.0021,0,1408.45,34.120365,-106.886292,170,0.0044,94,No notes.
ESC-W05,morrison,B-107,2025/01/13,20:22:40,11.0439,2660,11.0701,-0.0262,0,0,0.0004,0,1408.45,34.120365,-106.886292,190,0.0055,92,No notes.
ESC-W05,morrison,B-107,2025/01/13,20:22:59,11.0408,2660,11.0671,-0.0263,0,0,-0.0003,0,1408.45,34.120365,-106.886292,209,0.0014,94,No notes.
ESC-W05,morrison,B-107,2025/01/13,20:23:05,11.0433,2660,11.0698,-0.0264,0,0,0.0005,0,1408.45,34.120365,-106.886292,215,0.0064,94,No notes.
ESC-W05,morrison,B-107,2025/01/13,20:23:15,11.0428,2660,11.0692,-0.0264,0,0,-0.0003,0,1408.45,34.120365,-106.886292,225,0.0015,94,No notes.
ESC-W05,morrison,B-107,2025/01/13,20:23:25,11.0408,2660,11.0673,-0.0265,0,0,-0.001,0,1408.45,34.120365,-106.886292,235,0.0062,94,No notes.
ESC02,morrison,B-107,2025/01/13,20:34:39,10.808,2660,10.8376,-0.0296,0,0,-0.0092,0,1407.72,34.120338,-106.888339,47,0.0063,94,No notes.
ESC02,morrison,B-107,2025/01/13,20:34:45,10.7858,2660,10.8155,-0.0296,0,0,-0.0089,0,1407.72,34.120338,-106.888339,53,0.0031,94,No notes.
ESC02,morrison,B-107,2025/01/13,20:34:54,10.7929,2660,10.8225,-0.0297,0,0,0.0013,0,1407.72,34.120338,-106.888339,62,0.0041,94,No notes.
ESC02,morrison,B-107,2025/01/13,20:35:01,10.8013,2660,10.831,-0.0297,0,0,0.001,0,1407.72,34.120338,-106.888339,69,0.0016,94,No notes.
ESC02,morrison,B-107,2025/01/13,20:35:27,10.8007,2660,10.8305,-0.0298,0,0,0.0006,0,1407.72,34.120338,-106.888339,95,0.0064,94,No notes.
ESC02,morrison,B-107,2025/01/13,20:36:18,10.8031,2660,10.8332,-0.0301,0,0,0.0012,0,1407.72,34.120338,-106.888339,146,0.0025,94,No notes.
ESC02,morrison,B-107,2025/01/13,20:36:27,10.7976,2660,10.8277,-0.0301,0,0,-0.0023,0,1407.72,34.120338,-106.888339,155,0.0033,94,No notes.
ESC02,morrison,B-107,2025/01/13,20:36:34,10.7996,2660,10.8298,-0.0302,0,0,-0.0001,0,1407.72,34.120338,-106.888339,162,0.0039,94,No notes.
ESC02,morrison,B-107,2025/01/13,20:36:44,10.8,2660,10.8302,-0.0302,0,0,-0.0011,0,1407.72,34.120338,-106.888339,172,0.0009,94,No notes.
ESC02,morrison,B-107,2025/01/13,20:37:06,10.8,2660,10.8303,-0.0303,0,0,-0.0003,0,1407.72,34.120338,-106.888339,194,0.0055,94,No notes.
ESC02,morrison,B-107,2025/01/13,20:37:16,10.7989,2660,10.8293,-0.0304,0,0,-0.0017,0,1407.72,34.120338,-106.888339,204,0.0059,94,No notes.
ESC02,morrison,B-107,2025/01/13,20:37:24,10.8013,2660,10.8318,-0.0304,0,0,0.0005,0,1407.72,34.120338,-106.888339,212,0.0036,94,No notes.
ESC-W05,morrison,B-107,2025/01/13,20:44:22,11.0474,2660,11.08,-0.0326,0,0,0.0021,0,1408.45,34.120365,-106.886292,71,0.0028,93,No notes.
ESC-W05,morrison,B-107,2025/01/13,20:44:27,11.0444,2660,11.077,-0.0326,0,0,-0.0007,0,1408.45,34.120365,-106.886292,76,0.0044,93,No notes.
ESC-W05,morrison,B-107,2025/01/13,20:44:34,11.0397,2660,11.0724,-0.0327,0,0,-0.0029,0,1408.45,34.120365,-106.886292,83,0.0031,93,No notes.
ESC-W05,morrison,B-107,2025/01/13,20:44:40,11.0429,2660,11.0756,-0.0327,0,0,0.0005,0,1408.45,34.120365,-106.886292,89,0.003,93,No notes.
ESC-W05,morrison,B-107,2025/01/13,20:44:58,11.0428,2660,11.0756,-0.0328,0,0,-0.0006,0,1408.45,34.120365,-106.886292,107,0.0028,94,No notes.
ESC-W05,morrison,B-107,2025/01/13,20:45:14,11.0418,2660,11.0747,-0.0329,0,0,-0.0004,0,1408.45,34.120365,-106.886292,123,0.0046,94,No notes.
ESC-W05,morrison,B-107,2025/01/13,20:45:57,11.0423,2660,11.0753,-0.0329,0,0,0.0003,0,1408.45,34.120365,-106.886292,166,0.0017,93,No notes.
ESC02,morrison,B-107,2025/01/13,21:02:05,10.7987,2660,10.8374,-0.0387,0,0,-0.0009,0,1407.72,34.120338,-106.888339,83,0.0037,93,No notes.
ESC02,morrison,B-107,2025/01/13,21:02:17,10.7981,2660,10.8369,-0.0388,0,0,0.0006,0,1407.72,34.120338,-106.888339,95,0.0019,93,No notes.
ESC02,morrison,B-107,2025/01/13,21:02:56,10.8022,2660,10.8411,-0.039,0,0,0.0018,0,1407.72,34.120338,-106.888339,134,0.0029,93,No notes.
ESC02,morrison,B-107,2025/01/13,21:03:02,10.7998,2660,10.8388,-0.0391,0,0,0.001,0,1407.72,34.120338,-106.888339,140,0.0031,93,No notes.
ESC02,morrison,B-107,2025/01/13,21:03:23,10.7994,2660,10.8385,-0.0391,0,0,0.0006,0,1407.72,34.120338,-106.888339,161,0.0027,93,No notes.
ESC02,morrison,B-107,2025/01/13,21:03:38,10.7984,2660,10.8376,-0.0392,0,0,0.0003,0,1407.72,34.120338,-106.888339,176,0.0016,93,No notes.
ESC02,morrison,B-107,2025/01/13,21:04:13,10.8001,2660,10.8396,-0.0394,0,0,0.0006,0,1407.72,34.120338,-106.888339,211,0.0045,93,No notes.
ESC02,morrison,B-107,2025/01/13,21:04:19,10.7989,2660,10.8385,-0.0395,0,0,-0.0003,0,1407.72,34.120338,-106.888339,217,0.0025,93,No notes.
ESC02,morrison,B-107,2025/01/13,21:04:25,10.7993,2660,10.8388,-0.0396,0,0,0.0004,0,1407.72,34.120338,-106.888339,223,0.0047,93,No notes.
ESC-W05,morrison,B-107,2025/01/13,21:12:51,11.0501,2660,11.0928,-0.0427,0,0,-0.0065,0,1408.45,34.120365,-106.886292,59,0.0042,93,No notes.
ESC-W05,morrison,B-107,2025/01/13,21:12:58,11.0427,2660,11.0855,-0.0428,0,0,0.0024,0,1408.45,34.120365,-106.886292,66,0.0029,93,No notes.
ESC-W05,morrison,B-107,2025/01/13,21:13:04,11.046,2660,11.0889,-0.0429,0,0,0.0018,0,1408.45,34.120365,-106.886292,72,0.001,93,No notes.
ESC-W05,morrison,B-107,2025/01/13,21:13:14,11.0398,2660,11.0827,-0.0429,0,0,-0.0005,0,1408.45,34.120365,-106.886292,82,0.0018,93,No notes.
ESC-W05,morrison,B-107,2025/01/13,21:13:55,11.0393,2660,11.0825,-0.0432,0,0,-0.0003,0,1408.45,34.120365,-106.886292,123,0.0031,93,No notes.
ESC-W05,morrison,B-107,2025/01/13,21:14:08,11.0423,2660,11.0855,-0.0432,0,0,0.0013,0,1408.45,34.120365,-106.886292,136,0.0043,93,No notes.
ESC-W05,morrison,B-107,2025/01/13,21:14:37,11.0403,2660,11.0836,-0.0433,0,0,0.0004,0,1408.45,34.120365,-106.886292,165,0.0028,93,No notes.
ESC-W05,morrison,B-107,2025/01/13,21:14:44,11.0415,2660,11.085,-0.0435,0,0,0.0009,0,1408.45,34.120365,-106.886292,172,0.0037,93,No notes.
ESC-W05,morrison,B-107,2025/01/13,21:14:50,11.0444,2660,11.088,-0.0436,0,0,0.0029,0,1408.45,34.120365,-106.886292,178,0.0023,93,No notes.
ESC-W05,morrison,B-107,2025/01/13,21:15:02,11.0448,2660,11.0884,-0.0436,0,0,0.0015,0,1408.45,34.120365,-106.886292,190,0.0079,93,No notes.
ESC02,morrison,B-107,2025/01/13,21:27:02,10.7925,2660,10.841,-0.0484,0,0,0.003,0,1407.72,34.120338,-106.888339,67,0.0045,93,No notes.
ESC02,morrison,B-107,2025/01/13,21:27:08,10.7971,2660,10.8456,-0.0485,0,0,0.0015,0,1407.72,34.120338,-106.888339,73,0.0012,93,No notes.
ESC02,morrison,B-107,2025/01/13,21:28:11,10.7947,2660,10.8436,-0.0489,0,0,-0.0009,0,1407.72,34.120338,-106.888339,136,0.0026,93,No notes.
ESC02,morrison,B-107,2025/01/13,21:28:17,10.7973,2660,10.8463,-0.0489,0,0,0.0017,0,1407.72,34.120338,-106.888339,142,0.0027,93,No notes.
ESC02,morrison,B-107,2025/01/13,21:28:24,10.7954,2660,10.8443,-0.049,0,0,-0.0003,0,1407.72,34.120338,-106.888339,149,0.0012,93,No notes.
ESC02,morrison,B-107,2025/01/13,21:28:31,10.7957,2660,10.8447,-0.049,0,0,-0.0002,0,1407.72,34.120338,-106.888339,156,0.0027,93,No notes.
ESC02,morrison,B-107,2025/01/13,21:28:37,10.7953,2660,10.8443,-0.0491,0,0,-0.0003,0,1407.72,34.120338,-106.888339,162,0.0019,93,No notes.
ESC03,morrison,B-107,2025/01/13,21:33:19,10.852,2660,10.903,-0.051,0,0,0.0002,0,1408.14,34.120296,-106.887511,97,0.0012,94,No notes.
ESC03,morrison,B-107,2025/01/13,21:33:56,10.8448,2660,10.8961,-0.0513,0,0,-0.0014,0,1408.14,34.120296,-106.887511,134,0.0037,94,No notes.
ESC03,morrison,B-107,2025/01/13,21:34:04,10.8455,2660,10.8968,-0.0513,0,0,-0.0005,0,1408.14,34.120296,-106.887511,142,0.0024,94,No notes.
ESC03,morrison,B-107,2025/01/13,21:34:13,10.8465,2660,10.8979,-0.0514,0,0,-0.0003,0,1408.14,34.120296,-106.887511,151,0.0011,94,No notes.
ESC03,morrison,B-107,2025/01/13,21:34:51,10.8461,2660,10.8975,-0.0514,0,0,-0.0005,0,1408.14,34.120296,-106.887511,189,0.0013,94,No notes.
ESC03,morrison,B-107,2025/01/13,21:35:09,10.8471,2660,10.8987,-0.0517,0,0,-0.0004,0,1408.14,34.120296,-106.887511,207,0.0043,94,No notes.
ESC03,morrison,B-107,2025/01/13,21:35:23,10.8492,2660,10.901,-0.0518,0,0,0.0004,0,1408.14,34.120296,-106.887511,221,0.0035,95,No notes.
ESC03,morrison,B-107,2025/01/13,21:35:28,10.85,2660,10.9019,-0.0519,0,0,0.0016,0,1408.14,34.120296,-106.887511,226,0.004,94,No notes.
ESC04,morrison,B-107,2025/01/13,21:43:26,10.9351,2660,10.9902,-0.0551,0,0,-0.0006,0,1408.76,34.068303,-106.906228,56,0.0017,94,No notes.
ESC04,morrison,B-107,2025/01/13,21:44:58,10.9429,2660,10.9982,-0.0553,0,0,-0.0003,0,1408.76,34.068303,-106.906228,148,0.0009,94,No notes.
ESC04,morrison,B-107,2025/01/13,21:45:49,10.9448,2660,11.0008,-0.056,0,0,0.0007,0,1408.76,34.068303,-106.906228,199,0.0009,94,No notes.
ESC04,morrison,B-107,2025/01/13,21:47:03,10.9452,2660,11.0014,-0.0561,0,0,0.0009,0,1408.76,34.068303,-106.906228,273,0.0048,94,No notes.
ESC-W05,morrison,B-107,2025/01/13,21:58:27,11.0294,2660,11.091,-0.0616,0,0,0.0017,0,1408.45,34.120365,-106.886292,63,0.0024,94,No notes.
ESC-W05,morrison,B-107,2025/01/13,21:58:35,11.0361,2660,11.0978,-0.0617,0,0,0.0024,0,1408.45,34.120365,-106.886292,71,0.0023,95,No notes.
ESC-W05,morrison,B-107,2025/01/13,21:58:42,11.036,2660,11.0978,-0.0617,0,0,-0.001,0,1408.45,34.120365,-106.886292,78,0.0026,95,No notes.
ESC-W05,morrison,B-107,2025/01/13,21:59:57,11.0375,2660,11.0997,-0.0622,0,0,0.0012,0,1408.45,34.120365,-106.886292,153,0.0011,95,No notes.
ESC-W05,morrison,B-107,2025/01/13,22:00:05,11.0353,2660,11.0976,-0.0623,0,0,-0.0003,0,1408.45,34.120365,-106.886292,161,0.0014,95,No notes.
ESC-W05,morrison,B-107,2025/01/13,22:00:56,11.0368,2660,11.0994,-0.0626,0,0,-0.0004,0,1408.45,34.120365,-106.886292,212,0.0037,95,No notes.
ESC-W05,morrison,B-107,2025/01/13,22:01:06,11.04,2660,11.1027,-0.0627,0,0,0.0022,0,1408.45,34.120365,-106.886292,222,0.0034,95,No notes.
ESC-W05,morrison,B-107,2025/01/13,22:01:18,11.0364,2660,11.0992,-0.0628,0,0,0.0002,0,1408.45,34.120365,-106.886292,234,0.0072,95,No notes.
AP001,morrison,B-107,2025/01/13,23:45:10,-9.23927272727273,2660,-5.1915,-0.0965,0,0,0.0044,0,1453,34.078947,-106.92083,123,0.003,93,No notes.
AP001,morrison,B-107,2025/01/13,23:45:17,-9.24977272727273,2660,-5.202,-0.0965,0,0,-0.0024,0,1453,34.078947,-106.92083,130,0.0021,93,No notes.
AP001,morrison,B-107,2025/01/13,23:45:25,-9.24857272727273,2660,-5.2007,-0.0965,0,0,0.0007,0,1453,34.078947,-106.92083,138,0.0029,93,No notes.
AP001,morrison,B-107,2025/01/13,23:45:44,-9.24897272727273,2660,-5.2011,-0.0966,0,0,-0.0003,0,1453,34.078947,-106.92083,157,0.0056,93,No notes.
AP001,morrison,B-107,2025/01/13,23:46:27,-9.24857272727273,2660,-5.2007,-0.0966,0,0,-0.0003,0,1453,34.078947,-106.92083,200,0.0025,93,No notes.
AP001,morrison,B-107,2025/01/13,23:47:04,-9.24857272727273,2660,-5.2006,-0.0968,0,0,-0.0002,0,1453,34.078947,-106.92083,237,0.0056,93,No notes.
AP001,morrison,B-107,2025/01/13,23:47:12,-9.24717272727273,2660,-5.1991,-0.0968,0,0,0.0007,0,1453,34.078947,-106.92083,245,0.0009,93,No notes.
AP001,morrison,B-107,2025/01/14,16:14:59,-5.3468,2656,-5.269,-0.0778,0,0,-0.0018,0,1453,34.078947,-106.92083,87,0.0042,92,No notes.
AP001,morrison,B-107,2025/01/14,16:15:07,-5.3488,2656,-5.2711,-0.0778,0,0,0.0003,0,1453,34.078947,-106.92083,95,0.0058,91,No notes.
AP001,morrison,B-107,2025/01/14,16:15:14,-5.3474,2656,-5.2697,-0.0777,0,0,0.0005,0,1453,34.078947,-106.92083,102,0.004,91,No notes.
AP001,morrison,B-107,2025/01/14,16:15:37,-5.3468,2656,-5.2691,-0.0777,0,0,0.0001,0,1453,34.078947,-106.92083,125,0.0018,92,No notes.
AP001,morrison,B-107,2025/01/14,16:16:12,-5.3447,2656,-5.2674,-0.0773,0,0,0.0003,0,1453,34.078947,-106.92083,160,0.0018,91,No notes.
AP001,morrison,B-107,2025/01/14,16:16:20,-5.3434,2656,-5.2661,-0.0773,0,0,0.0007,0,1453,34.078947,-106.92083,168,0.0034,91,No notes.
AP001,morrison,B-107,2025/01/14,16:16:27,-5.3457,2656,-5.2684,-0.0772,0,0,-0.0006,0,1453,34.078947,-106.92083,175,0.0037,91,No notes.
ESC17,morrison,B-107,2025/01/14,16:42:37,15.6462,2656,15.7128,-0.0666,0,0,-0.0009,0,1046.96,34.120709,-106.885639,50,0.005,93,No notes.
ESC17,morrison,B-107,2025/01/14,16:42:44,15.6163,2656,15.6828,-0.0665,0,0,-0.0065,0,1046.96,34.120709,-106.885639,57,0.0034,94,No notes.
ESC17,morrison,B-107,2025/01/14,16:42:51,15.6226,2656,15.6891,-0.0665,0,0,0.0017,0,1046.96,34.120709,-106.885639,64,0.0034,94,No notes.
ESC17,morrison,B-107,2025/01/14,16:42:58,15.6269,2656,15.6933,-0.0664,0,0,0.0019,0,1046.96,34.120709,-106.885639,71,0.0017,94,No notes.
ESC17,morrison,B-107,2025/01/14,16:43:31,15.6259,2656,15.6921,-0.0662,0,0,-0.0003,0,1046.96,34.120709,-106.885639,104,0.0024,95,No notes.
ESC17,morrison,B-107,2025/01/14,16:43:37,15.6272,2656,15.6933,-0.0661,0,0,0.0007,0,1046.96,34.120709,-106.885639,110,0.0027,94,No notes.
ESC17,morrison,B-107,2025/01/14,16:43:43,15.627,2656,15.6931,-0.0661,0,0,0.0003,0,1046.96,34.120709,-106.885639,116,0.0033,94,No notes.
ESC10,morrison,B-107,2025/01/14,16:48:43,15.3574,2656,15.4213,-0.0639,0,0,0.0039,0,1406.73,34.120544,-106.886317,88,0.004,94,No notes.
ESC10,morrison,B-107,2025/01/14,16:48:51,15.3473,2656,15.4112,-0.0639,0,0,-0.0025,0,1406.73,34.120544,-106.886317,96,0.0044,93,No notes.
ESC10,morrison,B-107,2025/01/14,16:48:56,15.3405,2656,15.4043,-0.0638,0,0,-0.0021,0,1406.73,34.120544,-106.886317,101,0.006,93,No notes.
ESC10,morrison,B-107,2025/01/14,16:49:02,15.3435,2656,15.4073,-0.0638,0,0,0.0003,0,1406.73,34.120544,-106.886317,107,0.0033,93,No notes.
ESC10,morrison,B-107,2025/01/14,16:49:08,15.3469,2656,15.4106,-0.0637,0,0,0.0006,0,1406.73,34.120544,-106.886317,113,0.0041,94,No notes.
ESC10,morrison,B-107,2025/01/14,16:49:15,15.3463,2656,15.4099,-0.0637,0,0,-0.0003,0,1406.73,34.120544,-106.886317,120,0.0038,93,No notes.
ESC10,morrison,B-107,2025/01/14,16:49:21,15.3477,2656,15.4114,-0.0636,0,0,0.0003,0,1406.73,34.120544,-106.886317,126,0.0055,93,No notes.
ESC10,morrison,B-107,2025/01/14,16:49:28,15.3441,2656,15.4076,-0.0636,0,0,-0.0019,0,1406.73,34.120544,-106.886317,133,0.004,93,No notes.
ESC10,morrison,B-107,2025/01/14,16:49:34,15.3439,2656,15.4075,-0.0635,0,0,-0.001,0,1406.73,34.120544,-106.886317,139,0.0039,94,No notes.
ESC10,morrison,B-107,2025/01/14,16:49:40,15.3457,2656,15.4092,-0.0635,0,0,-0.0009,0,1406.73,34.120544,-106.886317,145,0.0058,93,No notes.
ESC10,morrison,B-107,2025/01/14,16:49:46,15.3488,2656,15.4122,-0.0634,0,0,0.001,0,1406.73,34.120544,-106.886317,151,0.0042,93,No notes.
ESC10,morrison,B-107,2025/01/14,16:49:52,15.348,2656,15.4114,-0.0634,0,0,0.0012,0,1406.73,34.120544,-106.886317,157,0.005,94,No notes.
ESC10,morrison,B-107,2025/01/14,16:49:59,15.3469,2656,15.4103,-0.0634,0,0,0.0001,0,1406.73,34.120544,-106.886317,164,0.0027,94,No notes.
ESC10,morrison,B-107,2025/01/14,16:50:32,15.3466,2656,15.4098,-0.0631,0,0,-0.0006,0,1406.73,34.120544,-106.886317,197,0.0054,93,No notes.
ESC10,morrison,B-107,2025/01/14,16:50:38,15.343,2656,15.406,-0.0631,0,0,-0.0024,0,1406.73,34.120544,-106.886317,203,0.0066,93,No notes.
ESC10,morrison,B-107,2025/01/14,16:50:44,15.3467,2656,15.4098,-0.063,0,0,-0.0003,0,1406.73,34.120544,-106.886317,209,0.0054,93,No notes.
ESC10,morrison,B-107,2025/01/14,16:50:50,15.3466,2656,15.4096,-0.063,0,0,-0.0007,0,1406.73,34.120544,-106.886317,215,0.0051,93,No notes.
ESC10,morrison,B-107,2025/01/14,16:50:56,15.3451,2656,15.408,-0.0629,0,0,-0.0013,0,1406.73,34.120544,-106.886317,221,0.0035,94,No notes.
ESC10,morrison,B-107,2025/01/14,16:51:01,15.3483,2656,15.4112,-0.0629,0,0,0.0007,0,1406.73,34.120544,-106.886317,226,0.0018,94,No notes.
ESC23,morrion,B-107,2025/01/14,16:55:47,15.0794,2656,15.1402,-0.0608,0,0,-0.0004,0,1408.14,34.120301,-106.886741,67,0.0071,93,No notes.
ESC23,morrion,B-107,2025/01/14,16:55:54,15.0894,2656,15.1501,-0.0607,0,0,0.0027,0,1408.14,34.120301,-106.886741,74,0.0018,93,No notes.
ESC23,morrion,B-107,2025/01/14,16:56:02,15.0911,2656,15.1517,-0.0607,0,0,0.0008,0,1408.14,34.120301,-106.886741,82,0.002,93,No notes.
ESC23,morrion,B-107,2025/01/14,16:56:50,15.0861,2656,15.1464,-0.0603,0,0,-0.0006,0,1408.14,34.120301,-106.886741,130,0.0034,93,No notes.
ESC23,morrion,B-107,2025/01/14,16:56:57,15.0893,2656,15.1496,-0.0603,0,0,0.0009,0,1408.14,34.120301,-106.886741,137,0.0042,93,No notes.
ESC23,morrion,B-107,2025/01/14,16:57:03,15.0903,2656,15.1505,-0.0602,0,0,0.001,0,1408.14,34.120301,-106.886741,143,0.0033,93,No notes.
ESC23,morrion,B-107,2025/01/14,16:57:08,15.0893,2656,15.1494,-0.0602,0,0,0.0004,0,1408.14,34.120301,-106.886741,148,0.0026,93,No notes.
ESC23,morrion,B-107,2025/01/14,16:57:17,15.0888,2656,15.1489,-0.0601,0,0,0.0001,0,1408.14,34.120301,-106.886741,157,0.0009,93,No notes.
ESC23,morrion,B-107,2025/01/14,16:57:24,15.089,2656,15.1491,-0.0601,0,0,0.0007,0,1408.14,34.120301,-106.886741,164,0.0037,93,No notes.
ESC23,morrion,B-107,2025/01/14,16:57:30,15.0894,2656,15.1494,-0.06,0,0,0.0011,0,1408.14,34.120301,-106.886741,170,0.0026,93,No notes.
ESC10,morrison,B-107,2025/01/14,17:02:00,15.3725,2656,15.4305,-0.058,0,0,-0.0027,0,1406.73,34.120544,-106.886317,55,0.0079,93,No notes.
ESC10,morrison,B-107,2025/01/14,17:02:12,15.3423,2656,15.4002,-0.0579,0,0,-0.0007,0,1406.73,34.120544,-106.886317,67,0.0022,93,No notes.
ESC10,morrison,B-107,2025/01/14,17:03:23,15.3487,2656,15.4064,-0.0577,0,0,-0.0003,0,1406.73,34.120544,-106.886317,138,0.0023,93,No notes.
ESC10,morrison,B-107,2025/01/14,17:03:38,15.3491,2656,15.4064,-0.0573,0,0,-0.001,0,1406.73,34.120544,-106.886317,153,0.0043,93,No notes.
ESC10,morrison,B-107,2025/01/14,17:03:46,15.3494,2656,15.4066,-0.0572,0,0,-0.0009,0,1406.73,34.120544,-106.886317,161,0.0016,94,No notes.
ESC10,morrison,B-107,2025/01/14,17:04:04,15.3522,2656,15.4094,-0.0572,0,0,0.001,0,1406.73,34.120544,-106.886317,179,0.0008,93,No notes.
ESC10,morrison,B-107,2025/01/14,17:04:14,15.351,2656,15.408,-0.057,0,0,0.0001,0,1406.73,34.120544,-106.886317,189,0.002,93,No notes.
ESC10,morrison,B-107,2025/01/14,17:04:23,15.3489,2656,15.4059,-0.057,0,0,-0.001,0,1406.73,34.120544,-106.886317,198,0.0037,93,No notes.
ESC16,morrison,B-107,2025/01/14,17:13:25,15.5656,2656,15.6185,-0.053,0,0,-0.003,0,1406.72,34.120661,-106.885877,109,0.0036,93,No notes.
ESC16,morrison,B-107,2025/01/14,17:13:31,15.5685,2656,15.6214,-0.0528,0,0,0.0001,0,1406.72,34.120661,-106.885877,115,0.0022,93,No notes.
ESC16,morrison,B-107,2025/01/14,17:14:01,15.5684,2656,15.621,-0.0526,0,0,0.0006,0,1406.72,34.120661,-106.885877,145,0.0029,93,No notes.
ESC16,morrison,B-107,2025/01/14,17:14:07,15.5676,2656,15.6201,-0.0525,0,0,-0.0003,0,1406.72,34.120661,-106.885877,151,0.0025,93,No notes.
ESC16,morrison,B-107,2025/01/14,17:14:13,15.568,2656,15.6205,-0.0525,0,0,-0.0013,0,1406.72,34.120661,-106.885877,157,0.0071,93,No notes.
ESC16,morrison,B-107,2025/01/14,17:14:22,15.5693,2656,15.6217,-0.0524,0,0,-0.0003,0,1406.72,34.120661,-106.885877,166,0.0057,93,No notes.
ESC16,morrison,B-107,2025/01/14,17:14:28,15.5681,2656,15.6205,-0.0524,0,0,-0.0003,0,1406.72,34.120661,-106.885877,172,0.0026,93,No notes.
ESC16,morrison,B-107,2025/01/14,17:14:34,15.571,2656,15.6233,-0.0523,0,0,0.0017,0,1406.72,34.120661,-106.885877,178,0.0028,92,No notes.
ESC22,morrison,B-107,2025/01/14,17:22:38,16.3377,2656,16.3864,-0.0487,0,0,0.0005,0,1406.86,34.121114,-106.884437,68,0.002,93,No notes.
ESC22,morrison,B-107,2025/01/14,17:23:04,16.3409,2656,16.3894,-0.0485,0,0,-0.0005,0,1406.86,34.121114,-106.884437,94,0.0022,93,No notes.
ESC22,morrison,B-107,2025/01/14,17:23:11,16.3383,2656,16.3867,-0.0485,0,0,-0.0007,0,1406.86,34.121114,-106.884437,101,0.0028,93,No notes.
ESC22,morrison,B-107,2025/01/14,17:23:17,16.3389,2656,16.3873,-0.0484,0,0,0,0,1406.86,34.121114,-106.884437,107,0.0017,93,No notes.
ESC22,morrison,B-107,2025/01/14,17:23:25,16.338,2656,16.3864,-0.0484,0,0,-0.0003,0,1406.86,34.121114,-106.884437,115,0.0019,93,No notes.
ESC22,morrison,B-107,2025/01/14,17:23:32,16.3349,2656,16.3832,-0.0483,0,0,-0.0007,0,1406.86,34.121114,-106.884437,122,0.002,93,No notes.
ESC22,morrison,B-107,2025/01/14,17:26:38,16.3478,2656,16.3947,-0.0469,0,0,0.0001,0,1406.86,34.121114,-106.884437,84,0.004,92,No notes.
ESC22,morrison,B-107,2025/01/14,17:26:44,16.3432,2656,16.3901,-0.0469,0,0,-0.0015,0,1406.86,34.121114,-106.884437,90,0.0033,93,No notes.
ESC22,morrison,B-107,2025/01/14,17:26:50,16.3408,2656,16.3876,-0.0468,0,0,-0.0009,0,1406.86,34.121114,-106.884437,96,0.0023,93,No notes.
ESC22,morrison,B-107,2025/01/14,17:27:21,16.337,2656,16.3836,-0.0466,0,0,-0.0002,0,1406.86,34.121114,-106.884437,127,0.0011,93,No notes.
ESC22,morrison,B-107,2025/01/14,17:27:27,16.3345,2656,16.3811,-0.0466,0,0,-0.0014,0,1406.86,34.121114,-106.884437,133,0.0021,93,No notes.
ESC22,morrison,B-107,2025/01/14,17:27:35,16.3347,2656,16.3813,-0.0465,0,0,-0.0004,0,1406.86,34.121114,-106.884437,141,0.0019,93,No notes.
ESC22,morrison,B-107,2025/01/14,17:27:40,16.3325,2656,16.379,-0.0465,0,0,-0.0007,0,1406.86,34.121114,-106.884437,146,0.002,93,No notes.
ESC22,morrison,B-107,2025/01/14,17:27:47,16.3308,2656,16.3772,-0.0464,0,0,-0.001,0,1406.86,34.121114,-106.884437,153,0.0013,93,No notes.
ESC22,morrison,B-107,2025/01/14,17:27:53,16.3312,2656,16.3775,-0.0464,0,0,0.0005,0,1406.86,34.121114,-106.884437,159,0.0025,93,No notes.
ESC22,morrison,B-107,2025/01/14,17:27:59,16.3294,2656,16.3758,-0.0463,0,0,0.0001,0,1406.86,34.121114,-106.884437,165,0.0044,93,No notes.
ESC22,morrison,B-107,2025/01/14,17:28:07,16.3235,2656,16.3697,-0.0463,0,0,-0.0026,0,1406.86,34.121114,-106.884437,173,0.0011,93,No notes.
ESC22,morrison,B-107,2025/01/14,17:28:26,16.3255,2656,16.3717,-0.0462,0,0,0.0002,0,1406.86,34.121114,-106.884437,192,0.0028,93,No notes.
ESC22,morrison,B-107,2025/01/14,17:42:08,16.3291,2656,16.3694,-0.0403,0,0,-0.0011,0,1406.86,34.121114,-106.884437,91,0.003,93,No notes.
ESC22,morrison,B-107,2025/01/14,17:42:14,16.338,2656,16.3781,-0.0401,0,0,-0.0004,0,1406.86,34.121114,-106.884437,97,0.0017,93,No notes.
ESC22,morrison,B-107,2025/01/14,17:45:35,16.3391,2656,16.3777,-0.0386,0,0,0.0007,0,1406.86,34.121114,-106.884437,95,0.0058,93,No notes.
ESC22,morrison,B-107,2025/01/14,17:45:43,16.3407,2656,16.3793,-0.0386,0,0,0.0006,0,1406.86,34.121114,-106.884437,103,0.0032,93,No notes.
ESC22,morrison,B-107,2025/01/14,17:45:49,16.3399,2656,16.3784,-0.0385,0,0,0.0003,0,1406.86,34.121114,-106.884437,109,0.0043,93,No notes.
ESC22,morrison,B-107,2025/01/14,17:45:55,16.3405,2656,16.379,-0.0385,0,0,0.0002,0,1406.86,34.121114,-106.884437,115,0.0028,93,No notes.
ESC22,morrison,B-107,2025/01/14,17:46:03,16.3382,2656,16.3766,-0.0384,0,0,0.0002,0,1406.86,34.121114,-106.884437,123,0.006,93,No notes.
ESC22,morrison,B-107,2025/01/14,17:46:10,16.3338,2656,16.3722,-0.0384,0,0,-0.0024,0,1406.86,34.121114,-106.884437,130,0.0025,93,No notes.
ESC22,morrison,B-107,2025/01/14,17:46:16,16.3415,2656,16.3798,-0.0384,0,0,0.001,0,1406.86,34.121114,-106.884437,136,0.003,93,No notes.
ESC22,morrison,B-107,2025/01/14,17:46:23,16.3327,2656,16.371,-0.0383,0,0,-0.0031,0,1406.86,34.121114,-106.884437,143,0.0034,93,No notes.
ESC22,morrison,B-107,2025/01/14,17:46:29,16.3393,2656,16.3775,-0.0383,0,0,0.0006,0,1406.86,34.121114,-106.884437,149,0.0035,93,No notes.
ESC22,morrison,B-107,2025/01/14,17:46:35,16.3345,2656,16.3727,-0.0382,0,0,-0.0016,0,1406.86,34.121114,-106.884437,155,0.0006,93,No notes.
ESC21,morrison,B-107,2025/01/14,17:53:26,16.241,2656,16.2763,-0.0354,0,0,-0.0002,0,1406.31,34.12103,-106.884683,87,0.0046,93,No notes.
ESC21,morrison,B-107,2025/01/14,17:53:33,16.2341,2656,16.2694,-0.0353,0,0,-0.001,0,1406.31,34.12103,-106.884683,94,0.0045,93,No notes.
ESC21,morrison,B-107,2025/01/14,17:53:38,16.2299,2656,16.2652,-0.0353,0,0,-0.001,0,1406.31,34.12103,-106.884683,99,0.0029,93,No notes.
ESC21,morrison,B-107,2025/01/14,17:53:44,16.2331,2656,16.2684,-0.0352,0,0,0.0012,0,1406.31,34.12103,-106.884683,105,0.0025,93,No notes.
ESC21,morrison,B-107,2025/01/14,17:53:50,16.2362,2656,16.2714,-0.0352,0,0,0.0019,0,1406.31,34.12103,-106.884683,111,0.004,93,No notes.
ESC21,morrison,B-107,2025/01/14,17:53:56,16.2338,2656,16.2689,-0.0351,0,0,-0.001,0,1406.31,34.12103,-106.884683,117,0.0036,93,No notes.
ESC21,morrison,B-107,2025/01/14,17:54:02,16.2336,2656,16.2687,-0.0351,0,0,-0.0011,0,1406.31,34.12103,-106.884683,123,0.0033,93,No notes.
ESC21,morrison,B-107,2025/01/14,17:54:09,16.2354,2656,16.2705,-0.0351,0,0,0,0,1406.31,34.12103,-106.884683,130,0.0026,93,No notes.
ESC21,morrison,B-107,2025/01/14,17:54:23,16.2346,2656,16.2696,-0.035,0,0,-0.0003,0,1406.31,34.12103,-106.884683,144,0.0054,93,No notes.
ESC21,morrison,B-107,2025/01/14,17:54:29,16.2379,2656,16.2728,-0.0349,0,0,0.0015,0,1406.31,34.12103,-106.884683,150,0.0028,93,No notes.
ESC21,morrison,B-107,2025/01/14,17:54:34,16.2388,2656,16.2737,-0.0349,0,0,0.0011,0,1406.31,34.12103,-106.884683,155,0.004,93,No notes.
ESC21,morrison,B-107,2025/01/14,17:54:41,16.2358,2656,16.2707,-0.0348,0,0,-0.0006,0,1406.31,34.12103,-106.884683,162,0.0033,93,No notes.
ESC21,morrison,B-107,2025/01/14,17:54:46,16.2348,2656,16.2696,-0.0348,0,0,-0.0006,0,1406.31,34.12103,-106.884683,167,0.0029,93,No notes.
ESC21,morrison,B-107,2025/01/14,17:54:52,16.2368,2656,16.2716,-0.0348,0,0,0.0009,0,1406.31,34.12103,-106.884683,173,0.0031,93,No notes.
ESC21,morrison,B-107,2025/01/14,17:54:58,16.2372,2656,16.2719,-0.0347,0,0,-0.0001,0,1406.31,34.12103,-106.884683,179,0.0041,93,No notes.
ESC21,morrison,B-107,2025/01/14,17:55:05,16.234,2656,16.2687,-0.0347,0,0,-0.0022,0,1406.31,34.12103,-106.884683,186,0.004,93,No notes.
ESC21,morrison,B-107,2025/01/14,17:55:11,16.2366,2656,16.2712,-0.0346,0,0,-0.0002,0,1406.31,34.12103,-106.884683,192,0.0045,93,No notes.
ESC21,morrison,B-107,2025/01/14,17:55:49,16.2382,2656,16.2726,-0.0345,0,0,0.0003,0,1406.31,34.12103,-106.884683,230,0.0014,93,No notes.
ESC17,morrison,B-107,2025/01/14,18:03:00,15.6182,2656,15.6497,-0.0315,0,0,0.0012,0,1046.96,34.120709,-106.885639,82,0.0009,93,No notes.
ESC17,morrison,B-107,2025/01/14,18:03:36,15.624,2656,15.6552,-0.0313,0,0,0.0012,0,1046.96,34.120709,-106.885639,118,0.0066,93,No notes.
ESC17,morrison,B-107,2025/01/14,18:03:42,15.6178,2656,15.649,-0.0312,0,0,-0.0011,0,1046.96,34.120709,-106.885639,124,0.0018,93,No notes.
ESC17,morrison,B-107,2025/01/14,18:03:48,15.6177,2656,15.6488,-0.0312,0,0,-0.0005,0,1046.96,34.120709,-106.885639,130,0.0025,93,No notes.
ESC17,morrison,B-107,2025/01/14,18:03:55,15.6218,2656,15.6529,-0.0311,0,0,0.001,0,1046.96,34.120709,-106.885639,137,0.0024,93,No notes.
ESC17,morrison,B-107,2025/01/14,18:04:09,15.6197,2656,15.6508,-0.031,0,0,0.0003,0,1046.96,34.120709,-106.885639,151,0.0022,93,No notes.
ESC17,morrison,B-107,2025/01/14,18:04:15,15.6203,2656,15.6513,-0.031,0,0,0.0004,0,1046.96,34.120709,-106.885639,157,0.0032,93,No notes.
ESC17,morrison,B-107,2025/01/14,18:04:22,15.6212,2656,15.6522,-0.031,0,0,0.0004,0,1046.96,34.120709,-106.885639,164,0.0041,93,No notes.
ESC17,morrison,B-107,2025/01/14,18:04:28,15.6186,2656,15.6495,-0.0309,0,0,-0.0015,0,1046.96,34.120709,-106.885639,170,0.0037,93,No notes.
ESC17,morrison,B-107,2025/01/14,18:04:34,15.6174,2656,15.6483,-0.0309,0,0,-0.0013,0,1046.96,34.120709,-106.885639,176,0.0041,93,No notes.
ESC17,morrison,B-107,2025/01/14,18:04:41,15.6214,2656,15.6522,-0.0308,0,0,0.0007,0,1046.96,34.120709,-106.885639,183,0.0027,93,No notes.
ESC14,morrison,B-107,2025/01/14,18:10:32,15.4618,2656,15.4904,-0.0286,0,0,-0.0005,0,1406.75,34.120477,-106.886128,76,0.0019,94,No notes.
ESC14,morrison,B-107,2025/01/14,18:10:59,15.4583,2656,15.4867,-0.0284,0,0,0.0007,0,1406.75,34.120477,-106.886128,103,0.0025,93,No notes.
ESC14,morrison,B-107,2025/01/14,18:11:04,15.4609,2656,15.4893,-0.0284,0,0,0.0014,0,1406.75,34.120477,-106.886128,108,0.0031,93,No notes.
ESC14,morrison,B-107,2025/01/14,18:11:10,15.4574,2656,15.4858,-0.0283,0,0,-0.0004,0,1406.75,34.120477,-106.886128,114,0.0015,93,No notes.
ESC14,morrison,B-107,2025/01/14,18:11:16,15.4571,2656,15.4854,-0.0283,0,0,-0.0002,0,1406.75,34.120477,-106.886128,120,0.0014,94,No notes.
ESC14,morrison,B-107,2025/01/14,18:11:21,15.4609,2656,15.4892,-0.0283,0,0,0.0017,0,1406.75,34.120477,-106.886128,125,0.003,93,No notes.
ESC-E06,morrison,B-107,2025/01/14,18:17:54,15.3078,2656,15.3337,-0.0259,0,0,0.0002,0,1406.87,34.120365,-106.886292,98,0.002,94,No notes.
ESC-E06,morrison,B-107,2025/01/14,18:18:30,15.3077,2656,15.3334,-0.0257,0,0,-0.001,0,1406.87,34.120365,-106.886292,134,0.0033,94,No notes.
ESC-E06,morrison,B-107,2025/01/14,18:18:37,15.3086,2656,15.3343,-0.0256,0,0,-0.0004,0,1406.87,34.120365,-106.886292,141,0.0045,94,No notes.
ESC-E06,morrison,B-107,2025/01/14,18:18:44,15.309,2656,15.3346,-0.0256,0,0,-0.0006,0,1406.87,34.120365,-106.886292,148,0.0046,94,No notes.
ESC-E06,morrison,B-107,2025/01/14,18:18:50,15.3092,2656,15.3348,-0.0256,0,0,-0.0009,0,1406.87,34.120365,-106.886292,154,0.001,94,No notes.
ESC-E06,morrison,B-107,2025/01/14,18:19:03,15.3123,2656,15.3378,-0.0255,0,0,0.0004,0,1406.87,34.120365,-106.886292,167,0.0059,94,No notes.
ESC-E06,morrison,B-107,2025/01/14,18:19:09,15.3124,2656,15.3378,-0.0254,0,0,0.0021,0,1406.87,34.120365,-106.886292,173,0.0044,94,No notes.
ESC-E06,morrison,B-107,2025/01/14,18:19:16,15.3106,2656,15.336,-0.0254,0,0,0.0003,0,1406.87,34.120365,-106.886292,180,0.0019,94,No notes.
ESC10,morrison,B-107,2025/01/14,18:23:13,15.3412,2656,15.3653,-0.024,0,0,0.0023,0,1406.73,34.120544,-106.886317,71,0.0033,94,No notes.
ESC10,morrison,B-107,2025/01/14,18:23:25,15.3454,2656,15.3694,-0.024,0,0,0,0,1406.73,34.120544,-106.886317,83,0.0019,94,No notes.
ESC10,morrison,B-107,2025/01/14,18:24:27,15.3428,2656,15.3665,-0.0238,0,0,-0.001,0,1406.73,34.120544,-106.886317,145,0.003,94,No notes.
ESC10,morrison,B-107,2025/01/14,18:24:37,15.3458,2656,15.3694,-0.0236,0,0,0.0012,0,1406.73,34.120544,-106.886317,155,0.0021,94,No notes.
ESC10,morrison,B-107,2025/01/14,18:30:55,15.6216,2656,15.6432,-0.0215,0,0,-0.0002,0,1406.73,34.120544,-106.886317,104,0.0025,95,No notes.
ESC10,morrison,B-107,2025/01/14,18:31:40,15.621,2656,15.6423,-0.0212,0,0,-0.0008,0,1406.73,34.120544,-106.886317,149,0.0043,95,No notes.
ESC10,morrison,B-107,2025/01/14,18:31:46,15.6207,2656,15.6419,-0.0212,0,0,0,0,1406.73,34.120544,-106.886317,155,0.0027,95,No notes.
ESC10,morrison,B-107,2025/01/14,18:31:56,15.622,2656,15.6432,-0.0212,0,0,0.0008,0,1406.73,34.120544,-106.886317,165,0.0011,95,No notes.
ESC10,morrison,B-107,2025/01/14,18:32:08,15.6215,2656,15.6426,-0.0211,0,0,-0.0001,0,1406.73,34.120544,-106.886317,177,0.0028,95,No notes.
ESC10,morrison,B-107,2025/01/14,18:32:19,15.6217,2656,15.6428,-0.0211,0,0,0.0002,0,1406.73,34.120544,-106.886317,188,0.0002,95,No notes.
ESC23,morrion,B-107,2025/01/14,18:39:31,15.0857,2656,15.1046,-0.0189,0,0,0.0002,0,1408.14,34.120301,-106.886741,88,0.0012,95,No notes.
ESC23,morrion,B-107,2025/01/14,18:40:02,15.0825,2656,15.1012,-0.0187,0,0,0.0001,0,1408.14,34.120301,-106.886741,119,0.0018,94,No notes.
ESC23,morrion,B-107,2025/01/14,18:40:10,15.0847,2656,15.1034,-0.0187,0,0,0.0008,0,1408.14,34.120301,-106.886741,127,0.0045,94,No notes.
ESC23,morrion,B-107,2025/01/14,18:40:22,15.0854,2656,15.1041,-0.0186,0,0,0.0014,0,1408.14,34.120301,-106.886741,139,0.0021,94,No notes.
ESC23,morrion,B-107,2025/01/14,18:40:29,15.0823,2656,15.1009,-0.0186,0,0,-0.0003,0,1408.14,34.120301,-106.886741,146,0.0034,94,No notes.
ESC23,morrion,B-107,2025/01/14,18:40:47,15.0838,2656,15.1023,-0.0185,0,0,0.0003,0,1408.14,34.120301,-106.886741,164,0.0033,94,No notes.
ESC23,morrion,B-107,2025/01/14,18:41:01,15.0805,2656,15.0989,-0.0185,0,0,-0.0018,0,1408.14,34.120301,-106.886741,178,0.0041,94,No notes.
ESC23,morrion,B-107,2025/01/14,18:41:22,15.0839,2656,15.1023,-0.0184,0,0,0.0002,0,1408.14,34.120301,-106.886741,199,0.0008,94,No notes.
ESC22,morrison,B-107,2025/01/14,19:04:32,16.3358,2656,16.3485,-0.0127,0,0,0.0032,0,1406.86,34.121114,-106.884437,78,0.0041,95,No notes.
ESC22,morrison,B-107,2025/01/14,19:04:41,16.3397,2656,16.3524,-0.0126,0,0,-0.0001,0,1406.86,34.121114,-106.884437,87,0.0013,95,No notes.
ESC22,morrison,B-107,2025/01/14,19:05:14,16.3356,2656,16.3481,-0.0125,0,0,0.0005,0,1406.86,34.121114,-106.884437,120,0.0033,95,No notes.
ESC22,morrison,B-107,2025/01/14,19:07:43,16.3223,2656,16.3343,-0.012,0,0,-0.0092,0,1406.86,34.121114,-106.884437,66,0.0039,94,No notes.
ESC22,morrison,B-107,2025/01/14,19:07:52,16.3306,2656,16.3426,-0.012,0,0,0.0007,0,1406.86,34.121114,-106.884437,75,0.0037,94,No notes.
ESC22,morrison,B-107,2025/01/14,19:07:57,16.3425,2656,16.3545,-0.012,0,0,0.0023,0,1406.86,34.121114,-106.884437,80,0.0011,94,No notes.
ESC22,morrison,B-107,2025/01/14,19:08:30,16.3318,2656,16.3437,-0.0119,0,0,-0.0033,0,1406.86,34.121114,-106.884437,113,0.0099,94,No notes.
ESC22,morrison,B-107,2025/01/14,19:08:35,16.3442,2656,16.3561,-0.0119,0,0,0.0049,0,1406.86,34.121114,-106.884437,118,0.0058,94,No notes.
ESC22,morrison,B-107,2025/01/14,19:08:41,16.3357,2656,16.3476,-0.0119,0,0,-0.0019,0,1406.86,34.121114,-106.884437,124,0.0031,94,No notes.
ESC22,morrison,B-107,2025/01/14,19:08:47,16.3338,2656,16.3456,-0.0118,0,0,-0.0016,0,1406.86,34.121114,-106.884437,130,0.0014,94,No notes.
ESC16,morrison,B-107,2025/01/14,19:19:34,15.5505,2656,15.5606,-0.0101,0,0,-0.0015,0,1406.72,34.120661,-106.885877,71,0.0021,94,No notes.
ESC16,morrison,B-107,2025/01/14,19:20:14,15.564,2656,15.574,-0.01,0,0,0.0014,0,1406.72,34.120661,-106.885877,111,0.0044,94,No notes.
ESC16,morrison,B-107,2025/01/14,19:20:20,15.5614,2656,15.5714,-0.01,0,0,-0.0009,0,1406.72,34.120661,-106.885877,117,0.0021,94,No notes.
ESC16,morrison,B-107,2025/01/14,19:20:26,15.5623,2656,15.5723,-0.01,0,0,-0.0002,0,1406.72,34.120661,-106.885877,123,0.0022,94,No notes.
ESC16,morrison,B-107,2025/01/14,19:20:39,15.562,2656,15.5719,-0.01,0,0,-0.0007,0,1406.72,34.120661,-106.885877,136,0.0016,94,No notes.
ESC16,morrison,B-107,2025/01/14,19:20:46,15.5623,2656,15.5723,-0.0099,0,0,0.0005,0,1406.72,34.120661,-106.885877,143,0.0034,94,No notes.
ESC16,morrison,B-107,2025/01/14,19:20:53,15.5656,2656,15.5755,-0.0099,0,0,0.0017,0,1406.72,34.120661,-106.885877,150,0.0032,94,No notes.
ESC16,morrison,B-107,2025/01/14,19:21:03,15.562,2656,15.5719,-0.0099,0,0,-0.0006,0,1406.72,34.120661,-106.885877,160,0.0041,93,No notes.
ESC16,morrison,B-107,2025/01/14,19:21:09,15.5601,2656,15.57,-0.0099,0,0,-0.001,0,1406.72,34.120661,-106.885877,166,0.0044,93,No notes.
ESC16,morrison,B-107,2025/01/14,19:21:55,15.561,2656,15.5708,-0.0099,0,0,-0.0004,0,1406.72,34.120661,-106.885877,212,0.0009,93,No notes.
ESC10,morrison,B-107,2025/01/14,19:26:52,15.3483,2656,15.3575,-0.0092,0,0,0.0018,0,1406.73,34.120544,-106.886317,88,0.0025,93,No notes.
ESC10,morrison,B-107,2025/01/14,19:27:21,15.3409,2656,15.35,-0.0091,0,0,-0.0016,0,1406.73,34.120544,-106.886317,117,0.0051,93,No notes.
ESC10,morrison,B-107,2025/01/14,19:27:28,15.3459,2656,15.355,-0.0091,0,0,0.0004,0,1406.73,34.120544,-106.886317,124,0.0012,93,No notes.
ESC10,morrison,B-107,2025/01/14,19:28:01,15.3511,2656,15.3601,-0.009,0,0,0.004,0,1406.73,34.120544,-106.886317,157,0.0043,93,No notes.
ESC10,morrison,B-107,2025/01/14,19:28:08,15.3431,2656,15.3522,-0.009,0,0,-0.0015,0,1406.73,34.120544,-106.886317,164,0.0047,93,No notes.
ESC10,morrison,B-107,2025/01/14,19:28:21,15.3405,2656,15.3495,-0.009,0,0,-0.0001,0,1406.73,34.120544,-106.886317,177,0.005,93,No notes.
ESC10,morrison,B-107,2025/01/14,19:28:32,15.3432,2656,15.3522,-0.009,0,0,-0.0006,0,1406.73,34.120544,-106.886317,188,0.0017,93,No notes.
ESC23,morrion,B-107,2025/01/14,19:35:48,15.0812,2656,15.0895,-0.0084,0,0,0.002,0,1408.14,34.120301,-106.886741,80,0.0027,93,No notes.
ESC23,morrion,B-107,2025/01/14,19:35:54,15.0803,2656,15.0886,-0.0084,0,0,-0.0003,0,1408.14,34.120301,-106.886741,86,0.0025,93,No notes.
ESC23,morrion,B-107,2025/01/14,19:36:01,15.0817,2656,15.0901,-0.0083,0,0,0.0007,0,1408.14,34.120301,-106.886741,93,0.0035,93,No notes.
ESC23,morrion,B-107,2025/01/14,19:36:08,15.089,2656,15.0973,-0.0083,0,0,0.0032,0,1408.14,34.120301,-106.886741,100,0.0013,93,No notes.
ESC23,morrion,B-107,2025/01/14,19:36:16,15.0904,2656,15.0987,-0.0083,0,0,0.0007,0,1408.14,34.120301,-106.886741,108,0.0046,93,No notes.
ESC23,morrion,B-107,2025/01/14,19:36:22,15.0791,2656,15.0874,-0.0083,0,0,-0.0034,0,1408.14,34.120301,-106.886741,114,0.0023,93,No notes.
ESC23,morrion,B-107,2025/01/14,19:36:27,15.0741,2656,15.0824,-0.0083,0,0,-0.0034,0,1408.14,34.120301,-106.886741,119,0.0017,93,No notes.
ESC23,morrion,B-107,2025/01/14,19:36:39,15.0741,2656,15.0824,-0.0083,0,0,-0.0003,0,1408.14,34.120301,-106.886741,131,0.0029,93,No notes.
ESC23,morrion,B-107,2025/01/14,19:37:26,15.0873,2656,15.0956,-0.0083,0,0,0.0054,0,1408.14,34.120301,-106.886741,178,0.006,93,No notes.
ESC23,morrion,B-107,2025/01/14,19:37:37,15.0763,2656,15.0846,-0.0082,0,0,-0.0061,0,1408.14,34.120301,-106.886741,189,0.0046,93,No notes.
ESC-E06,morrison,B-107,2025/01/14,19:43:14,15.3173,2656,15.3252,-0.0079,0,0,-0.0072,0,1406.87,34.120365,-106.886292,58,0.0084,93,No notes.
ESC-E06,morrison,B-107,2025/01/14,19:43:22,15.3015,2656,15.3095,-0.0079,0,0,-0.0057,0,1406.87,34.120365,-106.886292,66,0.0035,93,No notes.
ESC-E06,morrison,B-107,2025/01/14,19:43:30,15.2992,2656,15.3072,-0.0079,0,0,0,0,1406.87,34.120365,-106.886292,74,0.0042,93,No notes.
ESC-E06,morrison,B-107,2025/01/14,19:44:05,15.3141,2656,15.322,-0.0079,0,0,0.0025,0,1406.87,34.120365,-106.886292,109,0.003,93,No notes.
ESC-E06,morrison,B-107,2025/01/14,19:44:12,15.306,2656,15.3139,-0.0079,0,0,-0.0034,0,1406.87,34.120365,-106.886292,116,0.0048,93,No notes.
ESC-E06,morrison,B-107,2025/01/14,19:44:19,15.3049,2656,15.3128,-0.0079,0,0,-0.0025,0,1406.87,34.120365,-106.886292,123,0.0075,93,No notes.
ESC-E06,morrison,B-107,2025/01/14,19:44:34,15.3101,2656,15.318,-0.0079,0,0,-0.0001,0,1406.87,34.120365,-106.886292,138,0.0035,94,No notes.
ESC-E06,morrison,B-107,2025/01/14,19:44:40,15.311,2656,15.3188,-0.0079,0,0,0.0015,0,1406.87,34.120365,-106.886292,144,0.0062,93,No notes.
ESC-E06,morrison,B-107,2025/01/14,19:44:46,15.3122,2656,15.3201,-0.0079,0,0,0.0015,0,1406.87,34.120365,-106.886292,150,0.0062,94,No notes.
ESC-E06,morrison,B-107,2025/01/14,19:44:52,15.3104,2656,15.3183,-0.0079,0,0,-0.0001,0,1406.87,34.120365,-106.886292,156,0.0023,93,No notes.
ESC-E06,morrison,B-107,2025/01/14,19:45:42,15.3128,2656,15.3206,-0.0079,0,0,0.0005,0,1406.87,34.120365,-106.886292,206,0.0033,94,No notes.
ESC-E06,morrison,B-107,2025/01/14,19:45:50,15.3082,2656,15.316,-0.0079,0,0,-0.0017,0,1406.87,34.120365,-106.886292,214,0.0017,94,No notes.
ESC14,morrison,B-107,2025/01/14,19:52:04,15.4729,2656,15.4806,-0.0078,0,0,-0.0003,0,1406.75,34.120477,-106.886128,86,0.0037,94,No notes.
ESC14,morrison,B-107,2025/01/14,19:52:11,15.4683,2656,15.476,-0.0078,0,0,-0.0012,0,1406.75,34.120477,-106.886128,93,0.0021,94,No notes.
ESC14,morrison,B-107,2025/01/14,19:52:47,15.472,2656,15.4798,-0.0078,0,0,0.0012,0,1406.75,34.120477,-106.886128,129,0.0014,93,No notes.
ESC14,morrison,B-107,2025/01/14,19:53:07,15.4695,2656,15.4773,-0.0078,0,0,-0.0001,0,1406.75,34.120477,-106.886128,149,0.0012,94,No notes.
ESC14,morrison,B-107,2025/01/14,19:53:21,15.4736,2656,15.4814,-0.0078,0,0,0.003,0,1406.75,34.120477,-106.886128,163,0.0046,94,No notes.
ESC17,morrison,B-107,2025/01/14,20:01:29,15.6331,2656,15.641,-0.0079,0,0,-0.0013,0,1046.96,34.120709,-106.885639,93,0.0028,94,No notes.
ESC17,morrison,B-107,2025/01/14,20:01:35,15.6304,2656,15.6384,-0.0079,0,0,-0.0013,0,1046.96,34.120709,-106.885639,99,0.0023,94,No notes.
ESC17,morrison,B-107,2025/01/14,20:02:07,15.6345,2656,15.6424,-0.008,0,0,0.0007,0,1046.96,34.120709,-106.885639,131,0.0009,94,No notes.
ESC17,morrison,B-107,2025/01/14,20:02:51,15.6331,2656,15.641,-0.008,0,0,-0.0003,0,1046.96,34.120709,-106.885639,175,0.0036,93,No notes.
ESC17,morrison,B-107,2025/01/14,20:02:59,15.6337,2656,15.6417,-0.008,0,0,-0.0002,0,1046.96,34.120709,-106.885639,183,0.0033,94,No notes.
ESC10,morrison,B-107,2025/01/14,20:08:14,15.3538,2656,15.3621,-0.0083,0,0,-0.0016,0,1406.73,34.120544,-106.886317,93,0.0032,93,No notes.
ESC10,morrison,B-107,2025/01/14,20:08:24,15.354,2656,15.3623,-0.0083,0,0,-0.0002,0,1406.73,34.120544,-106.886317,103,0.0023,92,No notes.
ESC10,morrison,B-107,2025/01/14,20:09:03,15.3559,2656,15.3642,-0.0083,0,0,0.0008,0,1406.73,34.120544,-106.886317,142,0.0024,93,No notes.
ESC10,morrison,B-107,2025/01/14,20:09:36,15.3564,2656,15.3647,-0.0083,0,0,0.0017,0,1406.73,34.120544,-106.886317,175,0.0017,92,No notes.
ESC21,morrison,B-107,2025/01/14,20:15:38,16.2281,2656,16.237,-0.0089,0,0,-0.0028,0,1406.31,34.12103,-106.884683,67,0.0027,92,No notes.
ESC21,morrison,B-107,2025/01/14,20:15:44,16.244,2656,16.253,-0.0089,0,0,0.0046,0,1406.31,34.12103,-106.884683,73,0.0047,92,No notes.
ESC21,morrison,B-107,2025/01/14,20:15:50,16.2462,2656,16.2551,-0.0089,0,0,0.0011,0,1406.31,34.12103,-106.884683,79,0.0037,92,No notes.
ESC21,morrison,B-107,2025/01/14,20:15:58,16.2431,2656,16.2521,-0.0089,0,0,-0.0021,0,1406.31,34.12103,-106.884683,87,0.0055,92,No notes.
ESC21,morrison,B-107,2025/01/14,20:16:12,16.2422,2656,16.2512,-0.009,0,0,0.0007,0,1406.31,34.12103,-106.884683,101,0.0029,92,No notes.
ESC21,morrison,B-107,2025/01/14,20:16:19,16.2417,2656,16.2506,-0.009,0,0,-0.0002,0,1406.31,34.12103,-106.884683,108,0.0028,92,No notes.
ESC21,morrison,B-107,2025/01/14,20:16:27,16.2427,2656,16.2517,-0.009,0,0,0.0003,0,1406.31,34.12103,-106.884683,116,0.0043,92,No notes.
ESC21,morrison,B-107,2025/01/14,20:16:34,16.2415,2656,16.2505,-0.009,0,0,-0.0005,0,1406.31,34.12103,-106.884683,123,0.0041,92,No notes.
ESC21,morrison,B-107,2025/01/14,20:16:40,16.2429,2656,16.2519,-0.009,0,0,0.001,0,1406.31,34.12103,-106.884683,129,0.0056,92,No notes.
ESC21,morrison,B-107,2025/01/14,20:16:49,16.2427,2656,16.2517,-0.009,0,0,0.0006,0,1406.31,34.12103,-106.884683,138,0.0039,92,No notes.
ESC21,morrison,B-107,2025/01/14,20:16:56,16.2437,2656,16.2528,-0.009,0,0,0.0008,0,1406.31,34.12103,-106.884683,145,0.0018,92,No notes.
ESC21,morrison,B-107,2025/01/14,20:17:24,16.241,2656,16.2501,-0.0091,0,0,-0.001,0,1406.31,34.12103,-106.884683,173,0.0029,92,No notes.
ESC21,morrison,B-107,2025/01/14,20:17:37,16.2407,2656,16.2498,-0.0091,0,0,-0.0006,0,1406.31,34.12103,-106.884683,186,0.0007,92,No notes.
ESC22,morrison,B-107,2025/01/14,20:22:02,16.3342,2656,16.3439,-0.0096,0,0,-0.0014,0,1406.86,34.121114,-106.884437,71,0.0051,92,No notes.
ESC22,morrison,B-107,2025/01/14,20:22:09,16.3468,2656,16.3564,-0.0096,0,0,0.0042,0,1406.86,34.121114,-106.884437,78,0.0021,92,No notes.
ESC22,morrison,B-107,2025/01/14,20:22:15,16.3486,2656,16.3582,-0.0096,0,0,0.0012,0,1406.86,34.121114,-106.884437,84,0.0021,92,No notes.
ESC22,morrison,B-107,2025/01/14,20:22:53,16.3458,2656,16.3556,-0.0097,0,0,0.0003,0,1406.86,34.121114,-106.884437,122,0.0044,92,No notes.
ESC22,morrison,B-107,2025/01/14,20:23:07,16.3433,2656,16.3531,-0.0097,0,0,-0.0015,0,1406.86,34.121114,-106.884437,136,0.0054,91,No notes.
ESC22,morrison,B-107,2025/01/14,20:23:18,16.3469,2656,16.3566,-0.0098,0,0,0.0008,0,1406.86,34.121114,-106.884437,147,0.0016,92,No notes.
ESC22,morrison,B-107,2025/01/14,20:23:24,16.3428,2656,16.3525,-0.0098,0,0,-0.0015,0,1406.86,34.121114,-106.884437,153,0.0033,91,No notes.
ESC23,morrion,B-107,2025/01/14,20:48:59,15.0818,2656,15.0963,-0.0144,0,0,0.001,0,1408.14,34.120301,-106.886741,69,0.0034,94,No notes.
ESC23,morrion,B-107,2025/01/14,20:49:05,15.0878,2656,15.1023,-0.0145,0,0,0.0017,0,1408.14,34.120301,-106.886741,75,0.0045,94,No notes.
ESC23,morrion,B-107,2025/01/14,20:49:12,15.0897,2656,15.1042,-0.0145,0,0,-0.0004,0,1408.14,34.120301,-106.886741,82,0.006,94,No notes.
ESC23,morrion,B-107,2025/01/14,20:49:19,15.0879,2656,15.1025,-0.0145,0,0,-0.0017,0,1408.14,34.120301,-106.886741,89,0.0022,94,No notes.
ESC23,morrion,B-107,2025/01/14,20:49:54,15.0898,2656,15.1044,-0.0147,0,0,0.0006,0,1408.14,34.120301,-106.886741,124,0.0033,94,No notes.
ESC23,morrion,B-107,2025/01/14,20:50:15,15.0897,2656,15.1044,-0.0147,0,0,0.0008,0,1408.14,34.120301,-106.886741,145,0.002,94,No notes.
ESC23,morrion,B-107,2025/01/14,20:50:23,15.0882,2656,15.103,-0.0148,0,0,0.0003,0,1408.14,34.120301,-106.886741,153,0.0023,95,No notes.
ESC23,morrion,B-107,2025/01/14,20:50:33,15.0879,2656,15.1026,-0.0148,0,0,-0.0003,0,1408.14,34.120301,-106.886741,163,0.0005,94,No notes.
ESC23,morrion,B-107,2025/01/14,20:50:46,15.089,2656,15.1039,-0.0148,0,0,0.0003,0,1408.14,34.120301,-106.886741,176,0.0019,94,No notes.
ESC23,morrion,B-107,2025/01/14,20:50:52,15.0876,2656,15.1025,-0.0149,0,0,-0.0007,0,1408.14,34.120301,-106.886741,182,0.0011,94,No notes.
ESC23,morrion,B-107,2025/01/14,20:50:58,15.089,2656,15.1039,-0.0149,0,0,0.0003,0,1408.14,34.120301,-106.886741,188,0.0026,94,No notes.
ESC10,morrison,B-107,2025/01/14,20:56:49,15.3429,2656,15.3593,-0.0164,0,0,0.0005,0,1406.73,34.120544,-106.886317,68,0.0036,94,No notes.
ESC10,morrison,B-107,2025/01/14,20:56:55,15.3498,2656,15.3662,-0.0164,0,0,0.0028,0,1406.73,34.120544,-106.886317,74,0.0016,94,No notes.
ESC10,morrison,B-107,2025/01/14,20:57:03,15.3536,2656,15.3701,-0.0164,0,0,0.0009,0,1406.73,34.120544,-106.886317,82,0.0028,94,No notes.
ESC10,morrison,B-107,2025/01/14,20:57:09,15.3485,2656,15.3649,-0.0165,0,0,-0.002,0,1406.73,34.120544,-106.886317,88,0.0024,94,No notes.
ESC10,morrison,B-107,2025/01/14,20:57:46,15.3508,2656,15.3674,-0.0166,0,0,0.0004,0,1406.73,34.120544,-106.886317,125,0.0043,94,No notes.
ESC10,morrison,B-107,2025/01/14,20:58:14,15.3506,2656,15.3672,-0.0166,0,0,0.0004,0,1406.73,34.120544,-106.886317,153,0.005,94,No notes.
ESC10,morrison,B-107,2025/01/14,20:58:29,15.3517,2656,15.3685,-0.0168,0,0,0.0009,0,1406.73,34.120544,-106.886317,168,0.0053,94,No notes.
ESC10,morrison,B-107,2025/01/14,20:58:39,15.3507,2656,15.3676,-0.0168,0,0,0.0006,0,1406.73,34.120544,-106.886317,178,0.0011,94,No notes.
ESC16,morrison,B-107,2025/01/14,21:03:52,15.579,2656,15.5973,-0.0183,0,0,-0.0018,0,1406.72,34.120661,-106.885877,91,0.008,95,No notes.
ESC16,morrison,B-107,2025/01/14,21:03:59,15.5626,2656,15.581,-0.0183,0,0,-0.0019,0,1406.72,34.120661,-106.885877,98,0.0027,94,No notes.
ESC16,morrison,B-107,2025/01/14,21:04:05,15.5658,2656,15.5841,-0.0183,0,0,0.0009,0,1406.72,34.120661,-106.885877,104,0.0013,95,No notes.
ESC16,morrison,B-107,2025/01/14,21:04:50,15.5662,2656,15.5847,-0.0185,0,0,-0.0007,0,1406.72,34.120661,-106.885877,149,0.0042,94,No notes.
ESC16,morrison,B-107,2025/01/14,21:04:58,15.5684,2656,15.587,-0.0186,0,0,-0.0001,0,1406.72,34.120661,-106.885877,157,0.0023,94,No notes.
ESC22,morrison,B-107,2025/01/14,21:13:07,16.3485,2656,16.3696,-0.021,0,0,-0.0006,0,1406.86,34.121114,-106.884437,146,0.0031,93,No notes.
ESC22,morrison,B-107,2025/01/14,21:13:14,16.3492,2656,16.3703,-0.0211,0,0,0.0011,0,1406.86,34.121114,-106.884437,153,0.0065,93,No notes.
ESC22,morrison,B-107,2025/01/14,21:13:24,16.3474,2656,16.3685,-0.0211,0,0,0.0011,0,1406.86,34.121114,-106.884437,163,0.007,93,No notes.
ESC22,morrison,B-107,2025/01/14,21:13:30,16.3473,2656,16.3685,-0.0212,0,0,0.0004,0,1406.86,34.121114,-106.884437,169,0.0017,93,No notes.
ESC22,morrison,B-107,2025/01/14,21:14:09,16.3484,2656,16.3697,-0.0213,0,0,0.0014,0,1406.86,34.121114,-106.884437,208,0.0054,93,No notes.
ESC22,morrison,B-107,2025/01/14,21:14:18,16.3453,2656,16.3667,-0.0214,0,0,-0.0002,0,1406.86,34.121114,-106.884437,217,0.0033,93,No notes.
ESC21,morrison,B-107,2025/01/14,21:20:27,16.2324,2656,16.2558,-0.0234,0,0,0.0017,0,1406.31,34.12103,-106.884683,73,0.0038,93,No notes.
ESC21,morrison,B-107,2025/01/14,21:20:32,16.238,2656,16.2615,-0.0234,0,0,0.0032,0,1406.31,34.12103,-106.884683,78,0.0068,93,No notes.
ESC21,morrison,B-107,2025/01/14,21:20:39,16.2394,2656,16.2629,-0.0235,0,0,0.0008,0,1406.31,34.12103,-106.884683,85,0.0028,93,No notes.
ESC21,morrison,B-107,2025/01/14,21:21:20,16.2374,2656,16.2611,-0.0237,0,0,-0.0003,0,1406.31,34.12103,-106.884683,126,0.0009,93,No notes.
ESC21,morrison,B-107,2025/01/14,21:21:29,16.2365,2656,16.2602,-0.0237,0,0,-0.0009,0,1406.31,34.12103,-106.884683,135,0.0037,93,No notes.
ESC21,morrison,B-107,2025/01/14,21:21:42,16.2354,2656,16.2592,-0.0238,0,0,-0.0009,0,1406.31,34.12103,-106.884683,148,0.0037,93,No notes.
ESC21,morrison,B-107,2025/01/14,21:21:50,16.2378,2656,16.2616,-0.0239,0,0,0.0009,0,1406.31,34.12103,-106.884683,156,0.0018,93,No notes.
ESC21,morrison,B-107,2025/01/14,21:22:05,16.2372,2656,16.2611,-0.0239,0,0,0.0001,0,1406.31,34.12103,-106.884683,171,0.0031,93,No notes.
ESC21,morrison,B-107,2025/01/14,21:22:10,16.2371,2656,16.2611,-0.024,0,0,0.0009,0,1406.31,34.12103,-106.884683,176,0.0023,93,No notes.
ESC17,morrison,B-107,2025/01/14,21:27:45,15.6397,2656,15.6657,-0.0259,0,0,0.0038,0,1046.96,34.120709,-106.885639,97,0.0032,93,No notes.
ESC17,morrison,B-107,2025/01/14,21:27:51,15.6254,2656,15.6513,-0.026,0,0,-0.0038,0,1046.96,34.120709,-106.885639,103,0.0016,93,No notes.
ESC17,morrison,B-107,2025/01/14,21:27:58,15.6186,2656,15.6446,-0.026,0,0,-0.003,0,1046.96,34.120709,-106.885639,110,0.003,93,No notes.
ESC17,morrison,B-107,2025/01/14,21:28:04,15.6208,2656,15.6469,-0.026,0,0,-0.0003,0,1046.96,34.120709,-106.885639,116,0.0014,93,No notes.
ESC17,morrison,B-107,2025/01/14,21:29:16,15.625,2656,15.6513,-0.0263,0,0,-0.0003,0,1046.96,34.120709,-106.885639,188,0.0033,93,No notes.
ESC17,morrison,B-107,2025/01/14,21:29:22,15.6257,2656,15.6522,-0.0265,0,0,0.0003,0,1046.96,34.120709,-106.885639,194,0.0011,94,No notes.
ESC17,morrison,B-107,2025/01/14,21:29:36,15.6253,2656,15.6518,-0.0265,0,0,-0.0003,0,1046.96,34.120709,-106.885639,208,0.0021,93,No notes.
ESC14,morrison,B-107,2025/01/14,21:34:38,15.4553,2656,15.4837,-0.0284,0,0,-0.0048,0,1406.75,34.120477,-106.886128,67,0.0018,93,No notes.
ESC14,morrison,B-107,2025/01/14,21:34:50,15.4609,2656,15.4893,-0.0284,0,0,0.0016,0,1406.75,34.120477,-106.886128,79,0.0034,93,No notes.
ESC14,morrison,B-107,2025/01/14,21:35:01,15.4704,2656,15.4989,-0.0285,0,0,0.001,0,1406.75,34.120477,-106.886128,90,0.0012,93,No notes.
ESC14,morrison,B-107,2025/01/14,21:36:04,15.4671,2656,15.4961,-0.0289,0,0,0.0002,0,1406.75,34.120477,-106.886128,153,0.0047,94,No notes.
ESC14,morrison,B-107,2025/01/14,21:36:18,15.4655,2656,15.4945,-0.029,0,0,-0.0009,0,1406.75,34.120477,-106.886128,167,0.0018,93,No notes.
ESC14,morrison,B-107,2025/01/14,21:36:28,15.4691,2656,15.4982,-0.0291,0,0,0.0015,0,1406.75,34.120477,-106.886128,177,0.003,93,No notes.
ESC14,morrison,B-107,2025/01/14,21:36:38,15.4673,2656,15.4964,-0.0291,0,0,0,0,1406.75,34.120477,-106.886128,187,0.0024,93,No notes.
ESC10,morrison,B-107,2025/01/14,21:40:17,15.3464,2656,15.377,-0.0305,0,0,0.0017,0,1406.73,34.120544,-106.886317,71,0.0051,93,No notes.
ESC10,morrison,B-107,2025/01/14,21:40:24,15.3547,2656,15.3853,-0.0306,0,0,0.0031,0,1406.73,34.120544,-106.886317,78,0.0026,93,No notes.
ESC10,morrison,B-107,2025/01/14,21:40:30,15.3524,2656,15.383,-0.0306,0,0,0.0002,0,1406.73,34.120544,-106.886317,84,0.0009,93,No notes.
ESC10,morrison,B-107,2025/01/14,21:41:00,15.3513,2656,15.3821,-0.0308,0,0,0.0006,0,1406.73,34.120544,-106.886317,114,0.0024,93,No notes.
ESC10,morrison,B-107,2025/01/14,21:41:28,15.3502,2656,15.3811,-0.0309,0,0,-0.0002,0,1406.73,34.120544,-106.886317,142,0.0009,94,No notes.
ESC10,morrison,B-107,2025/01/14,21:41:34,15.3493,2656,15.3803,-0.031,0,0,0.0004,0,1406.73,34.120544,-106.886317,148,0.0018,93,No notes.
ESC10,morrison,B-107,2025/01/14,21:41:51,15.351,2656,15.3821,-0.0311,0,0,0.0006,0,1406.73,34.120544,-106.886317,165,0.0052,93,No notes.
ESC10,morrison,B-107,2025/01/14,21:42:00,15.3484,2656,15.3796,-0.0312,0,0,-0.0008,0,1406.73,34.120544,-106.886317,174,0.0047,93,No notes.
ESC10,morrison,B-107,2025/01/14,21:42:07,15.3514,2656,15.3826,-0.0312,0,0,0.0016,0,1406.73,34.120544,-106.886317,181,0.0059,93,No notes.
ESC-E06,morrison,B-107,2025/01/14,21:46:21,15.3058,2656,15.3387,-0.0329,0,0,-0.0044,0,1406.87,34.120365,-106.886292,66,0.0038,91,No notes.
ESC-E06,morrison,B-107,2025/01/14,21:46:28,15.3123,2656,15.3453,-0.0329,0,0,0.0015,0,1406.87,34.120365,-106.886292,73,0.0028,93,No notes.
ESC-E06,morrison,B-107,2025/01/14,21:46:36,15.3181,2656,15.3511,-0.033,0,0,0.0024,0,1406.87,34.120365,-106.886292,81,0.0017,93,No notes.
ESC-E06,morrison,B-107,2025/01/14,21:46:43,15.3188,2656,15.3518,-0.033,0,0,0.0003,0,1406.87,34.120365,-106.886292,88,0.0014,93,No notes.
ESC-E06,morrison,B-107,2025/01/14,21:47:30,15.3169,2656,15.3502,-0.0333,0,0,0.0001,0,1406.87,34.120365,-106.886292,135,0.0029,93,No notes.
ESC-E06,morrison,B-107,2025/01/14,21:47:49,15.3176,2656,15.3511,-0.0335,0,0,0.0014,0,1406.87,34.120365,-106.886292,154,0.0022,93,No notes.
ESC-E06,morrison,B-107,2025/01/14,21:47:59,15.314,2656,15.3476,-0.0335,0,0,-0.0012,0,1406.87,34.120365,-106.886292,164,0.0017,93,No notes.
ESC-E06,morrison,B-107,2025/01/14,21:49:34,15.308,2656,15.3421,-0.0341,0,0,-0.005,0,1406.87,34.120365,-106.886292,78,0.0025,93,No notes.
ESC-E06,morrison,B-107,2025/01/14,21:49:39,15.3167,2656,15.3509,-0.0342,0,0,0.0007,0,1406.87,34.120365,-106.886292,83,0.0047,93,No notes.
ESC-E06,morrison,B-107,2025/01/14,21:49:45,15.3172,2656,15.3515,-0.0343,0,0,-0.0007,0,1406.87,34.120365,-106.886292,89,0.0056,92,No notes.
ESC-E06,morrison,B-107,2025/01/14,21:49:52,15.3198,2656,15.3541,-0.0343,0,0,0.0002,0,1406.87,34.120365,-106.886292,96,0.0065,93,No notes.
ESC-E06,morrison,B-107,2025/01/14,21:49:58,15.3189,2656,15.3532,-0.0343,0,0,0.0002,0,1406.87,34.120365,-106.886292,102,0.0009,93,No notes.
ESC-E06,morrison,B-107,2025/01/14,21:50:15,15.3169,2656,15.3513,-0.0344,0,0,-0.0004,0,1406.87,34.120365,-106.886292,119,0.0015,93,No notes.
ESC-E06,morrison,B-107,2025/01/14,21:50:31,15.3166,2656,15.3511,-0.0345,0,0,0.0005,0,1406.87,34.120365,-106.886292,135,0.0018,93,No notes.
ESC-E06,morrison,B-107,2025/01/14,21:50:37,15.3188,2656,15.3534,-0.0346,0,0,0.0014,0,1406.87,34.120365,-106.886292,141,0.0053,93,No notes.
ESC-E06,morrison,B-107,2025/01/14,21:50:43,15.3159,2656,15.3506,-0.0347,0,0,-0.0018,0,1406.87,34.120365,-106.886292,147,0.0045,94,No notes.
ESC23,morrion,B-107,2025/01/14,21:55:45,15.0888,2656,15.1255,-0.0367,0,0,0.001,0,1408.14,34.120301,-106.886741,98,0.0035,94,No notes.
ESC23,morrion,B-107,2025/01/14,21:55:52,15.0874,2656,15.1241,-0.0367,0,0,0.0002,0,1408.14,34.120301,-106.886741,105,0.0033,94,No notes.
ESC23,morrion,B-107,2025/01/14,21:56:57,15.0866,2656,15.1237,-0.0371,0,0,-0.0003,0,1408.14,34.120301,-106.886741,170,0.0011,94,No notes.
ESC23,morrion,B-107,2025/01/14,21:57:27,15.0883,2656,15.1257,-0.0374,0,0,0.0005,0,1408.14,34.120301,-106.886741,200,0.001,94,No notes.
ESC17,morrison,B-107,2025/01/14,22:06:03,15.624,2656,15.665,-0.041,0,0,-0.0071,0,1046.96,34.120709,-106.885639,117,0.0035,94,No notes.
ESC17,morrison,B-107,2025/01/14,22:06:11,15.6235,2656,15.6646,-0.0411,0,0,0.001,0,1046.96,34.120709,-106.885639,125,0.0026,94,No notes.
ESC17,morrison,B-107,2025/01/14,22:06:20,15.6293,2656,15.6704,-0.0411,0,0,0.0024,0,1046.96,34.120709,-106.885639,134,0.0063,94,No notes.
ESC17,morrison,B-107,2025/01/14,22:06:26,15.6243,2656,15.6655,-0.0412,0,0,-0.0016,0,1046.96,34.120709,-106.885639,140,0.0034,94,No notes.
ESC17,morrison,B-107,2025/01/14,22:06:33,15.625,2656,15.6662,-0.0412,0,0,-0.0005,0,1046.96,34.120709,-106.885639,147,0.0009,94,No notes.
ESC17,morrison,B-107,2025/01/14,22:07:24,15.6265,2656,15.668,-0.0414,0,0,0.001,0,1046.96,34.120709,-106.885639,198,0.002,94,No notes.
ESC17,morrison,B-107,2025/01/14,22:07:31,15.6258,2656,15.6674,-0.0416,0,0,0,0,1046.96,34.120709,-106.885639,205,0.0005,93,No notes.
ESC17,morrison,B-107,2025/01/14,22:07:38,15.624,2656,15.6657,-0.0417,0,0,-0.0005,0,1046.96,34.120709,-106.885639,212,0.003,93,No notes.
ESC10,morrison,B-107,2025/01/14,22:12:20,15.3476,2656,15.3913,-0.0437,0,0,0.0029,0,1406.73,34.120544,-106.886317,77,0.0031,93,No notes.
ESC10,morrison,B-107,2025/01/14,22:12:28,15.3499,2656,15.3936,-0.0437,0,0,0.0014,0,1406.73,34.120544,-106.886317,85,0.0043,93,No notes.
ESC10,morrison,B-107,2025/01/14,22:12:34,15.3488,2656,15.3926,-0.0438,0,0,-0.0008,0,1406.73,34.120544,-106.886317,91,0.006,94,No notes.
ESC10,morrison,B-107,2025/01/14,22:12:40,15.3441,2656,15.388,-0.0439,0,0,-0.0024,0,1406.73,34.120544,-106.886317,97,0.0056,93,No notes.
ESC10,morrison,B-107,2025/01/14,22:12:46,15.3453,2656,15.3892,-0.0439,0,0,-0.0006,0,1406.73,34.120544,-106.886317,103,0.0036,93,No notes.
ESC10,morrison,B-107,2025/01/14,22:12:51,15.3469,2656,15.3908,-0.0439,0,0,0.0001,0,1406.73,34.120544,-106.886317,108,0.001,93,No notes.
ESC10,morrison,B-107,2025/01/14,22:13:22,15.3461,2656,15.3903,-0.0441,0,0,-0.0006,0,1406.73,34.120544,-106.886317,138,0.0036,93,No notes.
ESC10,morrison,B-107,2025/01/14,22:13:27,15.3468,2656,15.391,-0.0442,0,0,-0.0003,0,1406.73,34.120544,-106.886317,144,0.0041,93,No notes.
ESC10,morrison,B-107,2025/01/14,22:13:39,15.3444,2656,15.3887,-0.0442,0,0,-0.0018,0,1406.73,34.120544,-106.886317,156,0.0023,93,No notes.
ESC10,morrison,B-107,2025/01/14,22:13:49,15.35,2656,15.3943,-0.0443,0,0,0.0012,0,1406.73,34.120544,-106.886317,166,0.0032,93,No notes.
ESC10,morrison,B-107,2025/01/14,22:14:10,15.3453,2656,15.3897,-0.0444,0,0,-0.0009,0,1406.73,34.120544,-106.886317,187,0.0045,93,No notes.
ESC10,morrison,B-107,2025/01/14,22:14:24,15.348,2656,15.3926,-0.0445,0,0,0.0005,0,1406.73,34.120544,-106.886317,201,0.0023,93,No notes.
AP001,morrison,B-107,2025/01/14,22:34:05,-5.3388,2656,-5.2858,-0.053,0,0,0.0001,0,1453,34.078947,-106.92083,98,0.0029,94,No notes.
AP001,morrison,B-107,2025/01/14,22:34:17,-5.3377,2656,-5.2846,-0.0531,0,0,-0.0001,0,1453,34.078947,-106.92083,110,0.0037,94,No notes.
AP001,morrison,B-107,2025/01/14,22:34:30,-5.3354,2656,-5.2823,-0.0532,0,0,0.0011,0,1453,34.078947,-106.92083,122,0.0022,94,No notes.
AP001,morrison,B-107,2025/01/15,17:29:31,-5.3928,2656,-5.3407,-0.052,0,0,-0.001,0,1453,34.078947,-106.92083,102,0.0011,91,No notes.
AP001,morrison,B-107,2025/01/15,17:30:12,-5.3883,2656,-5.3367,-0.0517,0,0,0.0003,0,1453,34.078947,-106.92083,143,0.0007,92,No notes.
AP001,morrison,B-107,2025/01/15,17:30:43,-5.3902,2656,-5.3386,-0.0516,0,0,-0.0007,0,1453,34.078947,-106.92083,174,0.0025,92,No notes.
AP001,morrison,B-107,2025/01/15,17:30:59,-5.3868,2656,-5.3354,-0.0514,0,0,0.0005,0,1453,34.078947,-106.92083,190,0.0022,92,No notes.
AP001,morrison,B-107,2025/01/15,17:31:05,-5.3874,2656,-5.3361,-0.0512,0,0,0.0002,0,1453,34.078947,-106.92083,196,0.0036,92,No notes.
AP001,morrison,B-107,2025/01/15,17:31:40,-5.3887,2656,-5.3375,-0.0512,0,0,-0.0004,0,1453,34.078947,-106.92083,231,0.0031,92,No notes.
AP001,morrison,B-107,2025/01/15,17:32:30,-5.3867,2656,-5.3361,-0.0506,0,0,0.0003,0,1453,34.078947,-106.92083,281,0.0036,92,No notes.
AP001,morrison,B-107,2025/01/15,17:32:41,-5.3858,2656,-5.3352,-0.0505,0,0,0.0004,0,1453,34.078947,-106.92083,292,0.0024,92,No notes.
AP001,morrison,B-107,2025/01/15,17:32:48,-5.3896,2656,-5.3391,-0.0504,0,0,-0.0017,0,1453,34.078947,-106.92083,299,0.0026,91,No notes.
ESC02,morrison,B-107,2025/01/15,18:00:58,14.5288,2656,14.5662,-0.0374,0,0,-0.0012,0,1407.72,34.120338,-106.888339,86,0.0017,92,No notes.
ESC02,morrison,B-107,2025/01/15,18:01:23,14.5322,2656,14.5694,-0.0372,0,0,-0.0008,0,1407.72,34.120338,-106.888339,111,0.0016,94,No notes.
ESC02,morrison,B-107,2025/01/15,18:01:29,14.5333,2656,14.5705,-0.0372,0,0,0.0004,0,1407.72,34.120338,-106.888339,117,0.0025,94,No notes.
ESC02,morrison,B-107,2025/01/15,18:01:36,14.5335,2656,14.5706,-0.0371,0,0,0.0011,0,1407.72,34.120338,-106.888339,124,0.007,93,No notes.
ESC02,morrison,B-107,2025/01/15,18:01:42,14.5314,2656,14.5685,-0.0371,0,0,-0.001,0,1407.72,34.120338,-106.888339,130,0.0022,94,No notes.
ESC-W05,morrison,B-107,2025/01/15,18:09:09,14.7774,2656,14.8111,-0.0337,0,0,0.0011,0,1408.45,34.120365,-106.886292,68,0.0021,94,No notes.
ESC-W05,morrison,B-107,2025/01/15,18:09:42,14.7837,2656,14.8172,-0.0335,0,0,-0.0002,0,1408.45,34.120365,-106.886292,101,0.0043,93,No notes.
ESC-W05,morrison,B-107,2025/01/15,18:09:47,14.7823,2656,14.8157,-0.0334,0,0,-0.001,0,1408.45,34.120365,-106.886292,106,0.0018,94,No notes.
ESC-W05,morrison,B-107,2025/01/15,18:09:58,14.7833,2656,14.8166,-0.0333,0,0,-0.0003,0,1408.45,34.120365,-106.886292,117,0.0021,94,No notes.
ESC-W05,morrison,B-107,2025/01/15,18:10:04,14.7839,2656,14.8172,-0.0333,0,0,-0.0002,0,1408.45,34.120365,-106.886292,123,0.0005,94,No notes.
AP001,morrison,B-107,2025/01/15,18:31:12,-5.3891,2656,-5.365,-0.024,0,0,-0.0029,0,1453,34.078947,-106.92083,130,0.0018,94,No notes.
AP001,morrison,B-107,2025/01/15,18:31:18,-5.3938,2656,-5.3698,-0.024,0,0,-0.0022,0,1453,34.078947,-106.92083,136,0.0015,94,No notes.
AP001,morrison,B-107,2025/01/15,18:31:26,-5.3888,2656,-5.3648,-0.0239,0,0,0.0015,0,1453,34.078947,-106.92083,144,0.0025,94,No notes.
AP001,morrison,B-107,2025/01/15,18:31:32,-5.3903,2656,-5.3664,-0.0239,0,0,0.0008,0,1453,34.078947,-106.92083,150,0.0053,94,No notes.
AP001,morrison,B-107,2025/01/15,18:31:38,-5.3905,2656,-5.3666,-0.0239,0,0,-0.0001,0,1453,34.078947,-106.92083,156,0.0049,94,No notes.
AP001,morrison,B-107,2025/01/15,18:31:43,-5.3901,2656,-5.3663,-0.0238,0,0,-0.0006,0,1453,34.078947,-106.92083,161,0.0015,94,No notes.
AP001,morrison,B-107,2025/01/15,18:32:27,-5.3895,2656,-5.3659,-0.0236,0,0,-0.001,0,1453,34.078947,-106.92083,205,0.0015,94,No notes.
ESC02,morrison,B-107,2025/01/15,18:55:54,14.531,2656,14.5457,-0.0146,0,0,0.0014,0,1407.72,34.120338,-106.888339,72,0.0023,95,No notes.
ESC02,morrison,B-107,2025/01/15,18:56:31,14.5378,2656,14.5522,-0.0144,0,0,0.0015,0,1407.72,34.120338,-106.888339,109,0.0025,95,No notes.
ESC02,morrison,B-107,2025/01/15,18:56:54,14.5363,2656,14.5506,-0.0143,0,0,0.0006,0,1407.72,34.120338,-106.888339,132,0.0014,95,No notes.
ESC02,morrison,B-107,2025/01/15,18:57:00,14.5346,2656,14.5488,-0.0142,0,0,-0.0002,0,1407.72,34.120338,-106.888339,138,0.0021,95,No notes.
ESC02,morrison,B-107,2025/01/15,18:57:06,14.5341,2656,14.5483,-0.0142,0,0,-0.0006,0,1407.72,34.120338,-106.888339,144,0.0022,95,No notes.
ESC02,morrison,B-107,2025/01/15,18:57:16,14.5356,2656,14.5497,-0.0141,0,0,0.0005,0,1407.72,34.120338,-106.888339,154,0.0006,95,No notes.
ESC02,morrison,B-107,2025/01/15,18:57:25,14.5348,2656,14.5488,-0.0141,0,0,-0.0007,0,1407.72,34.120338,-106.888339,163,0.0018,95,No notes.
ESC-W05,morrison,B-107,2025/01/15,19:02:19,14.764,2656,14.7764,-0.0124,0,0,-0.0093,0,1408.45,34.120365,-106.886292,66,0.0031,94,No notes.
ESC-W05,morrison,B-107,2025/01/15,19:02:27,14.7828,2656,14.7952,-0.0123,0,0,0.0051,0,1408.45,34.120365,-106.886292,74,0.0031,94,No notes.
ESC-W05,morrison,B-107,2025/01/15,19:02:37,14.7854,2656,14.7977,-0.0123,0,0,0.0006,0,1408.45,34.120365,-106.886292,84,0.0078,94,No notes.
ESC-W05,morrison,B-107,2025/01/15,19:02:49,14.7767,2656,14.789,-0.0122,0,0,-0.0008,0,1408.45,34.120365,-106.886292,96,0.0006,94,No notes.
ESC-W05,morrison,B-107,2025/01/15,19:03:31,14.7801,2656,14.7922,-0.012,0,0,0.0003,0,1408.45,34.120365,-106.886292,138,0.0016,94,No notes.
ESC-W05,morrison,B-107,2025/01/15,19:03:45,14.7799,2656,14.7918,-0.0119,0,0,0.0003,0,1408.45,34.120365,-106.886292,152,0.0026,94,No notes.
ESC-W05,morrison,B-107,2025/01/15,19:03:54,14.7814,2656,14.7932,-0.0119,0,0,0.0009,0,1408.45,34.120365,-106.886292,161,0.0037,94,No notes.
ESC-W05,morrison,B-107,2025/01/15,19:04:05,14.7795,2656,14.7913,-0.0118,0,0,-0.0002,0,1408.45,34.120365,-106.886292,172,0.0067,94,No notes.
ESC-W05,morrison,B-107,2025/01/15,19:04:18,14.7793,2656,14.7911,-0.0118,0,0,-0.0002,0,1408.45,34.120365,-106.886292,185,0.0022,94,No notes.
AP001,morrison,B-107,2025/01/15,19:29:55,-5.392,2656,-5.3877,-0.0043,0,0,0.0016,0,1453,34.078947,-106.92083,109,0.0018,95,No notes.
AP001,morrison,B-107,2025/01/15,19:30:30,-5.3941,2656,-5.39,-0.0041,0,0,-0.0008,0,1453,34.078947,-106.92083,144,0.0024,95,No notes.
AP001,morrison,B-107,2025/01/15,19:30:42,-5.3911,2656,-5.387,-0.0041,0,0,0.0012,0,1453,34.078947,-106.92083,156,0.0027,95,No notes.
AP001,morrison,B-107,2025/01/15,19:30:47,-5.393,2656,-5.3889,-0.0041,0,0,0.0002,0,1453,34.078947,-106.92083,161,0.0019,95,No notes.
ESC02,morrison,B-107,2025/01/15,19:52:48,14.536,2656,14.5359,0.0001,0,0,0.0022,0,1407.72,34.120338,-106.888339,64,0.003,95,No notes.
ESC02,morrison,B-107,2025/01/15,19:52:54,14.5397,2656,14.5396,0.0001,0,0,0.0018,0,1407.72,34.120338,-106.888339,70,0.0022,95,No notes.
ESC02,morrison,B-107,2025/01/15,19:53:44,14.5365,2656,14.5363,0.0002,0,0,-0.0001,0,1407.72,34.120338,-106.888339,120,0.0018,94,No notes.
ESC02,morrison,B-107,2025/01/15,19:53:49,14.5377,2656,14.5375,0.0002,0,0,0.0007,0,1407.72,34.120338,-106.888339,125,0.0015,95,No notes.
ESC02,morrison,B-107,2025/01/15,19:53:55,14.5354,2656,14.5352,0.0002,0,0,-0.001,0,1407.72,34.120338,-106.888339,131,0.0026,95,No notes.
ESC02,morrison,B-107,2025/01/15,19:54:01,14.5378,2656,14.5375,0.0003,0,0,0.0011,0,1407.72,34.120338,-106.888339,137,0.0029,96,No notes.
ESC-W05,morrison,B-107,2025/01/15,19:59:00,14.7835,2656,14.7826,0.0009,0,0,0.0039,0,1408.45,34.120365,-106.886292,110,0.0023,95,No notes.
ESC-W05,morrison,B-107,2025/01/15,19:59:05,14.7802,2656,14.7792,0.0009,0,0,-0.0006,0,1408.45,34.120365,-106.886292,115,0.0023,95,No notes.
ESC-W05,morrison,B-107,2025/01/15,20:00:16,14.7767,2656,14.7757,0.001,0,0,-0.0002,0,1408.45,34.120365,-106.886292,186,0.0019,95,No notes.
AP001,morrison,B-107,2025/01/15,20:23:34,-5.388,2656,-5.3909,0.0029,0,0,0.0034,0,1453,34.078947,-106.92083,98,0.0022,95,No notes.
AP001,morrison,B-107,2025/01/15,20:23:40,-5.394,2656,-5.3969,0.0029,0,0,-0.0016,0,1453,34.078947,-106.92083,104,0.0042,95,No notes.
AP001,morrison,B-107,2025/01/15,20:23:46,-5.3999,2656,-5.4028,0.0029,0,0,-0.0024,0,1453,34.078947,-106.92083,110,0.0035,95,No notes.
AP001,morrison,B-107,2025/01/15,20:23:51,-5.3974,2656,-5.4003,0.0029,0,0,0.0001,0,1453,34.078947,-106.92083,115,0.0049,95,No notes.
AP001,morrison,B-107,2025/01/15,20:23:57,-5.3954,2656,-5.3983,0.0029,0,0,0.001,0,1453,34.078947,-106.92083,121,0.0019,94,No notes.
AP001,morrison,B-107,2025/01/15,20:24:41,-5.3968,2656,-5.3998,0.0029,0,0,-0.0009,0,1453,34.078947,-106.92083,165,0.0018,95,No notes.
AP001,morrison,B-107,2025/01/15,20:24:48,-5.3949,2656,-5.3978,0.0029,0,0,-0.0005,0,1453,34.078947,-106.92083,172,0.0027,95,No notes.
AP001,morrison,B-107,2025/01/15,20:24:55,-5.3961,2656,-5.399,0.0029,0,0,-0.0004,0,1453,34.078947,-106.92083,179,0.0014,92,No notes.
ESC17,morrison,B-107,2025/01/15,20:46:01,15.5529,2656,15.5508,0.0021,0,0,-0.0015,0,1046.96,34.120709,-106.885639,68,0.0029,95,No notes.
ESC17,morrison,B-107,2025/01/15,20:46:10,15.5635,2656,15.5615,0.0021,0,0,0.0044,0,1046.96,34.120709,-106.885639,77,0.003,95,No notes.
ESC17,morrison,B-107,2025/01/15,20:46:19,15.5651,2656,15.5631,0.0021,0,0,0.0014,0,1046.96,34.120709,-106.885639,86,0.0029,95,No notes.
ESC17,morrison,B-107,2025/01/15,20:46:29,15.5619,2656,15.5599,0.0021,0,0,-0.0004,0,1046.96,34.120709,-106.885639,96,0.0009,95,No notes.
ESC17,morrison,B-107,2025/01/15,20:46:59,15.5624,2656,15.5604,0.002,0,0,0.001,0,1046.96,34.120709,-106.885639,126,0.0045,95,No notes.
ESC17,morrison,B-107,2025/01/15,20:47:05,15.5617,2656,15.5597,0.002,0,0,0.0003,0,1046.96,34.120709,-106.885639,132,0.004,95,No notes.
ESC17,morrison,B-107,2025/01/15,20:47:12,15.5603,2656,15.5583,0.002,0,0,-0.0003,0,1046.96,34.120709,-106.885639,139,0.0022,95,No notes.
ESC17,morrison,B-107,2025/01/15,20:47:17,15.5615,2656,15.5595,0.002,0,0,0.0001,0,1046.96,34.120709,-106.885639,144,0.0032,95,No notes.
ESC17,morrison,B-107,2025/01/15,20:47:23,15.561,2656,15.559,0.002,0,0,-0.0003,0,1046.96,34.120709,-106.885639,150,0.0034,95,No notes.
ESC17,morrison,B-107,2025/01/15,20:47:29,15.5609,2656,15.559,0.002,0,0,0.0003,0,1046.96,34.120709,-106.885639,156,0.0013,95,No notes.
ESC10,morrison,B-107,2025/01/15,20:52:36,15.2803,2656,15.2788,0.0015,0,0,0.0025,0,1406.73,34.120544,-106.886317,74,0.0011,94,No notes.
ESC10,morrison,B-107,2025/01/15,20:52:43,15.2881,2656,15.2866,0.0015,0,0,0.0033,0,1406.73,34.120544,-106.886317,81,0.0033,95,No notes.
ESC10,morrison,B-107,2025/01/15,20:52:48,15.2867,2656,15.2852,0.0015,0,0,0.001,0,1406.73,34.120544,-106.886317,86,0.0031,95,No notes.
ESC10,morrison,B-107,2025/01/15,20:52:56,15.2836,2656,15.2822,0.0015,0,0,-0.0012,0,1406.73,34.120544,-106.886317,94,0.0013,94,No notes.
ESC10,morrison,B-107,2025/01/15,20:53:06,15.2815,2656,15.28,0.0015,0,0,-0.001,0,1406.73,34.120544,-106.886317,104,0.0014,94,No notes.
ESC10,morrison,B-107,2025/01/15,20:53:38,15.283,2656,15.2816,0.0014,0,0,-0.0004,0,1406.73,34.120544,-106.886317,136,0.0016,95,No notes.
ESC10,morrison,B-107,2025/01/15,20:53:54,15.2851,2656,15.2838,0.0014,0,0,0.0007,0,1406.73,34.120544,-106.886317,152,0.002,95,No notes.
ESC10,morrison,B-107,2025/01/15,20:54:01,15.2842,2656,15.2829,0.0014,0,0,0.0004,0,1406.73,34.120544,-106.886317,159,0.0009,94,No notes.
ESC10,morrison,B-107,2025/01/15,20:54:21,15.284,2656,15.2827,0.0013,0,0,0.0003,0,1406.73,34.120544,-106.886317,179,0.0016,94,No notes.
ESC10,morrison,B-107,2025/01/15,20:54:33,15.2842,2656,15.2829,0.0013,0,0,0,0,1406.73,34.120544,-106.886317,191,0.0014,94,No notes.
AP001,morrison,B-107,2025/01/15,21:17:25,-5.3979,2656,-5.3959,-0.0021,0,0,0.0011,0,1453,34.078947,-106.92083,78,0.0013,94,No notes.
AP001,morrison,B-107,2025/01/15,21:17:59,-5.4023,2656,-5.4001,-0.0022,0,0,-0.0002,0,1453,34.078947,-106.92083,112,0.0016,94,No notes.
AP001,morrison,B-107,2025/01/15,21:18:09,-5.4004,2656,-5.3982,-0.0022,0,0,0.0005,0,1453,34.078947,-106.92083,122,0.0014,94,No notes.
AP001,morrison,B-107,2025/01/15,21:18:18,-5.4006,2656,-5.3983,-0.0022,0,0,0.0003,0,1453,34.078947,-106.92083,131,0.0018,95,No notes.
AP001,morrison,B-107,2025/01/15,21:18:31,-5.3994,2656,-5.3971,-0.0023,0,0,0.001,0,1453,34.078947,-106.92083,144,0.0029,94,No notes.
AP001,morrison,B-107,2025/01/15,21:18:42,-5.4014,2656,-5.399,-0.0023,0,0,-0.0001,0,1453,34.078947,-106.92083,155,0.0027,94,No notes.
AP001,morrison,B-107,2025/01/15,21:19:02,-5.3989,2656,-5.3966,-0.0024,0,0,0.001,0,1453,34.078947,-106.92083,175,0.0025,94,No notes.
ESC17,morrison,B-107,2025/01/15,21:41:06,15.5644,2656,15.5724,-0.008,0,0,0,0,1046.96,34.120709,-106.885639,83,0.006,94,No notes.
ESC17,morrison,B-107,2025/01/15,21:41:13,15.5482,2656,15.5563,-0.0081,0,0,-0.0053,0,1046.96,34.120709,-106.885639,90,0.0051,93,No notes.
ESC17,morrison,B-107,2025/01/15,21:41:20,15.5486,2656,15.5567,-0.0081,0,0,-0.0013,0,1046.96,34.120709,-106.885639,97,0.0036,94,No notes.
ESC17,morrison,B-107,2025/01/15,21:41:27,15.553,2656,15.5611,-0.0081,0,0,0.0008,0,1046.96,34.120709,-106.885639,104,0.0016,94,No notes.
ESC17,morrison,B-107,2025/01/15,21:42:04,15.5562,2656,15.5645,-0.0083,0,0,0.0015,0,1046.96,34.120709,-106.885639,141,0.0036,94,No notes.
ESC17,morrison,B-107,2025/01/15,21:42:12,15.5561,2656,15.5645,-0.0084,0,0,0.001,0,1046.96,34.120709,-106.885639,149,0.004,94,No notes.
ESC17,morrison,B-107,2025/01/15,21:42:33,15.5538,2656,15.5622,-0.0084,0,0,-0.0001,0,1046.96,34.120709,-106.885639,170,0.0022,94,No notes.
ESC17,morrison,B-107,2025/01/15,21:42:43,15.5537,2656,15.5622,-0.0085,0,0,-0.0009,0,1046.96,34.120709,-106.885639,180,0.0007,94,No notes.
ESC17,morrison,B-107,2025/01/15,21:42:52,15.5549,2656,15.5634,-0.0085,0,0,0.0004,0,1046.96,34.120709,-106.885639,189,0.0016,94,No notes.
ESC10,morrison,B-107,2025/01/15,21:48:34,15.2772,2656,15.2875,-0.0102,0,0,0.0024,0,1406.73,34.120544,-106.886317,65,0.0039,93,No notes.
ESC10,morrison,B-107,2025/01/15,21:48:39,15.2838,2656,15.294,-0.0103,0,0,0.0019,0,1406.73,34.120544,-106.886317,70,0.0012,93,No notes.
ESC10,morrison,B-107,2025/01/15,21:49:25,15.2818,2656,15.2923,-0.0104,0,0,0.0011,0,1406.73,34.120544,-106.886317,116,0.0028,93,No notes.
ESC10,morrison,B-107,2025/01/15,21:49:34,15.281,2656,15.2916,-0.0105,0,0,0.001,0,1406.73,34.120544,-106.886317,125,0.0016,93,No notes.
ESC10,morrison,B-107,2025/01/15,21:49:43,15.2799,2656,15.2905,-0.0106,0,0,-0.0003,0,1406.73,34.120544,-106.886317,134,0.0022,92,No notes.
ESC10,morrison,B-107,2025/01/15,21:49:49,15.2784,2656,15.2891,-0.0106,0,0,-0.0006,0,1406.73,34.120544,-106.886317,140,0.0019,93,No notes.
AP001,morrison,B-107,2025/01/15,22:14:57,-5.4061,2656,-5.387,-0.0191,0,0,0.0024,0,1453,34.078947,-106.92083,307,0.0017,94,No notes.
AP001,morrison,B-107,2025/01/15,22:15:04,-5.4031,2656,-5.384,-0.0191,0,0,0.0012,0,1453,34.078947,-106.92083,314,0.0015,94,No notes.
AP001,morrison,B-107,2025/01/15,22:15:33,-5.404,2656,-5.3847,-0.0193,0,0,0.0003,0,1453,34.078947,-106.92083,343,0.0026,94,No notes.
AP001,morrison,B-107,2025/01/15,22:15:40,-5.4046,2656,-5.3852,-0.0194,0,0,0.0002,0,1453,34.078947,-106.92083,350,0.0024,94,No notes.
AP001,morrison,B-107,2025/01/15,22:16:04,-5.403,2656,-5.3836,-0.0194,0,0,0.0017,0,1453,34.078947,-106.92083,374,0.0033,94,No notes.
AP001,morrison,B-107,2025/01/15,22:16:10,-5.4055,2656,-5.3859,-0.0195,0,0,-0.0003,0,1453,34.078947,-106.92083,380,0.0017,94,No notes.
AP001,morrison,B-107,2025/01/15,22:16:16,-5.4068,2656,-5.3872,-0.0196,0,0,-0.0003,0,1453,34.078947,-106.92083,386,0.002,94,No notes.
